Workbook

Sheet F_start
A1: Antigen | B1: Starting | C1: Ending
A2: Measles | B2: 1 | C2: 2
A3: Mumps | B3: 1 | C3: 2
A4: Rubella | B4: 1 | C4: 2
A5: Diphtheria | B5: 1 | C5: 1
A6: Tetanus | B6: 1 | C6: 1
A7: Pertussis | B7: 1 | C7: 1
A8: Hib | B8: 1 | C8: 1
A9: Hepatitis_B | B9: 1 | C9: 1
A10: Polio | B10: 1 | C10: 3
A11: HPV | B11: 1 | C11: 5
A12: Rotavirus | B12: 1 | C12: 1
A13: PCV | B13: 1 | C13: 3

Sheet Q_start
A1: Vaccine | B1: Producer | C1: Start | D1: End | E1: Amount
A2: M | B2: PT_Bio | C2: 1 | D2: =F_start!C2 -> 2 | E2: 13299
A3: MMR | B3: GSK | C3: 1 | D3: =F_start!C3 -> 2 | E3: 12505
A4: MMR | B4: Serum_Institute | C4: 1 | D4: =F_start!C3 -> 2 | E4: 13547
A5: MMR | B5: Merck_Sharp | C5: 1 | D5: =F_start!C3 -> 2 | E5: 6547
A6: MR | B6: Biological_E | C6: 1 | D6: =F_start!C4 -> 2 | E6: 90279
A7: Td | B7: Serum_Institute | C7: 1 | D7: =F_start!C5 -> 1 | E7: 180177
A8: Td | B8: BB_NCIPD | C8: 1 | D8: =F_start!C5 -> 1 | E8: 13305
A9: Penta | B9: Panacea_Biotec | C9: 1 | D9: 1 | E9: 8948
A10: Penta | B10: Serum_Institute | C10: 1 | D10: =F_start!C5 -> 1 | E10: 140932
A11: Penta | B11: LG_Chem | C11: 1 | D11: =F_start!C5 -> 1 | E11: 17896
A12: Penta | B12: PT_Bio | C12: 1 | D12: =F_start!C5 -> 1 | E12: 31318
A13: Penta | B13: Biological_E | C13: 1 | D13: =F_start!C5 -> 1 | E13: 53688
A14: IPV | B14: Sanofi_Pasteur | C14: 1 | D14: =F_start!C10 -> 3 | E14: 43365
A15: IPV | B15: LG_Chem | C15: 1 | D15: =F_start!C10 -> 3 | E15: 40214
A16: OPV | B16: GSK | C16: 1 | D16: =F_start!C10 -> 3 | E16: 219201
A17: OPV | B17: Sanofi_Pasteur | C17: 1 | D17: =F_start!C10 -> 3 | E17: 61221
A18: OPV | B18: PT_Bio | C18: 1 | D18: =F_start!C10 -> 3 | E18: 84681
A19: HPV | B19: Merck_Sharp | C19: 1 | D19: =F_start!C11 -> 5 | E19: 3625
A20: HPV | B20: GSK | C20: 1 | D20: =F_start!C11 -> 5 | E20: 13464
A21: HPV | B21: Xiamen_Innovax | C21: 1 | D21: =F_start!C11 -> 5 | E21: 5391
A22: Rotavirus | B22: GSK | C22: 1 | D22: =F_start!C12 -> 1 | E22: 56510
A23: Rotavirus | B23: Serum_Institute | C23: 1 | D23: =F_start!C12 -> 1 | E23: 0
A24: Rotavirus | B24: Bharat_Biotech | C24: 1 | D24: =F_start!C12 -> 1 | E24: 0
A25: PCV | B25: GSK | C25: 1 | D25: =F_start!C13 -> 3 | E25: 185663
A26: PCV | B26: Pfizer | C26: 1 | D26: =F_start!C13 -> 3 | E26: 20000
A27: PCV | B27: Serum_Institute | C27: 1 | D27: =F_start!C13 -> 3 | E27: 148533

Sheet I_start
A1: Vaccine | B1: Amount
A2: Penta | B2: 2.6542111e+08
A3: OPV | B3: 1.4558122e+09
A4: IPV | B4: 3.4283369e+08
A5: PCV | B5: 5.8480989e+08
A6: M | B6: 55362724
A7: MR | B7: 5.8659738e+08
A8: MMR | B8: 55312482
A9: TT | B9: 7539032.3
A10: HepB | B10: 62477680
A11: Hib | B11: 974019.73
A12: DT | B12: 6725147.1
A13: Td | B13: 2.5565663e+08
... A18: Rotavirus | B18: 1.4960295e+08

Sheet S_start
A1: antigen | B1: Unvaccinated Children
A2: Diphtheria | B2: 0
A3: Hib | B3: 0
A4: Measles | B4: 0
A5: Mumps | B5: 0
A6: PCV | B6: 0
A7: Pertussis | B7: 0
A8: Polio | B8: 0
A9: Rotavirus | B9: 0
A10: Rubella | B10: 0
A11: Tetanus | B11: 0
A12: Hepatitis_B | B12: 0
A13: HPV | B13: 0
