Workbook

Sheet Diphtheria
A1: Lower | B1: Upper
A2: 5.4588652e+08 | B2: 7.770767e+08 | D2: =AVERAGE(A2:B2) -> 6.6148161e+08
A3: 5.0822872e+08 | B3: 9.0217958e+08 | D3: =AVERAGE(A3:B3) -> 7.0520415e+08
A4: 4.7284516e+08 | B4: 1.0481398e+09 | D4: =AVERAGE(A4:B4) -> 7.6049246e+08
A5: 4.3770952e+08 | B5: 1.2238779e+09 | D5: =AVERAGE(A5:B5) -> 8.307937e+08
A6: 4.026982e+08 | B6: 1.4379055e+09 | D6: =AVERAGE(A6:B6) -> 9.2030184e+08
A7: 3.6811532e+08 | B7: 1.7002472e+09 | D7: =AVERAGE(A7:B7) -> 1.0341813e+09
A8: 3.3435435e+08 | B8: 2.0233682e+09 | D8: =AVERAGE(A8:B8) -> 1.1788613e+09
A9: 3.0178967e+08 | B9: 2.4230562e+09 | D9: =AVERAGE(A9:B9) -> 1.3624229e+09
A10: 2.7073778e+08 | B10: 2.9194761e+09 | D10: =AVERAGE(A10:B10) -> 1.5951069e+09
A11: 2.4144498e+08 | B11: 3.5385191e+09 | D11: =AVERAGE(A11:B11) -> 1.889982e+09
F12: sd
A13: =AVERAGE(A2:A11) -> 3.8838102e+08 | B13: =AVERAGE(B2:B11) -> 1.7993846e+09 | D13: =AVERAGE(D2:D11) -> 1.0938828e+09 | F13: =(B13-D13)/1.96 -> 3.599499e+08

Sheet Pertussis
A1: Lower | B1: Upper
A2: 3.1318488e+08 | B2: 3.9702639e+08 | D2: =AVERAGE(A2:B2) -> 3.5510563e+08
A3: 2.9722041e+08 | B3: 4.1872678e+08 | D3: =AVERAGE(A3:B3) -> 3.5797359e+08
A4: 2.8486744e+08 | B4: 4.3727612e+08 | D4: =AVERAGE(A4:B4) -> 3.6107178e+08
A5: 2.7433356e+08 | B5: 4.5447378e+08 | D5: =AVERAGE(A5:B5) -> 3.6440367e+08
A6: 2.6494439e+08 | B6: 4.7100145e+08 | D6: =AVERAGE(A6:B6) -> 3.6797292e+08
A7: 2.5636331e+08 | B7: 4.8720339e+08 | D7: =AVERAGE(A7:B7) -> 3.7178335e+08
A8: 2.4839539e+08 | B8: 5.0328253e+08 | D8: =AVERAGE(A8:B8) -> 3.7583896e+08
A9: 2.4091656e+08 | B9: 5.1937128e+08 | D9: =AVERAGE(A9:B9) -> 3.8014392e+08
A10: 2.3384253e+08 | B10: 5.3556266e+08 | D10: =AVERAGE(A10:B10) -> 3.8470259e+08
A11: 2.2711308e+08 | B11: 5.5192599e+08 | D11: =AVERAGE(A11:B11) -> 3.8951954e+08
F12: sd
A13: =AVERAGE(A2:A11) -> 2.6411816e+08 | B13: =AVERAGE(B2:B11) -> 4.7758504e+08 | D13: =AVERAGE(D2:D11) -> 3.708516e+08 | F13: =(B13-D13)/1.96 -> 54455837

Sheet Polio
A1: Lower | B1: Upper
A2: 5.4982747e+08 | B2: 7.1646914e+08 | D2: =AVERAGE(A2:B2) -> 6.3314831e+08
A3: 5.3455425e+08 | B3: 7.8369455e+08 | D3: =AVERAGE(A3:B3) -> 6.591244e+08
A4: 5.2545151e+08 | B4: 8.4785321e+08 | D4: =AVERAGE(A4:B4) -> 6.8665236e+08
A5: 5.192531e+08 | B5: 9.1240762e+08 | D5: =AVERAGE(A5:B5) -> 7.1583036e+08
A6: 5.1475785e+08 | B6: 9.7876791e+08 | D6: =AVERAGE(A6:B6) -> 7.4676288e+08
A7: 5.113783e+08 | B7: 1.0477438e+09 | D7: =AVERAGE(A7:B7) -> 7.7956105e+08
A8: 5.0878084e+08 | B8: 1.1199054e+09 | D8: =AVERAGE(A8:B8) -> 8.1434313e+08
A9: 5.0675726e+08 | B9: 1.1957126e+09 | D9: =AVERAGE(A9:B9) -> 8.5123493e+08
A10: 5.0516882e+08 | B10: 1.2755719e+09 | D10: =AVERAGE(A10:B10) -> 8.9037036e+08
A11: 5.0391849e+08 | B11: 1.3598653e+09 | D11: =AVERAGE(A11:B11) -> 9.3189188e+08
F12: sd
A13: =AVERAGE(A2:A11) -> 5.1798479e+08 | B13: =AVERAGE(B2:B11) -> 1.0237991e+09 | D13: =AVERAGE(D2:D11) -> 7.7089197e+08 | F13: =(B13-D13)/1.96 -> 1.2903427e+08

Sheet Tetanus
A1: Lower | B1: Upper
A2: 5.7060507e+08 | B2: 7.1202199e+08 | D2: =AVERAGE(A2:B2) -> 6.4131353e+08
A3: 5.4655644e+08 | B3: 7.5257299e+08 | D3: =AVERAGE(A3:B3) -> 6.4956471e+08
A4: 5.2820081e+08 | B4: 7.8786935e+08 | D4: =AVERAGE(A4:B4) -> 6.5803508e+08
A5: 5.1257778e+08 | B5: 8.2087711e+08 | D5: =AVERAGE(A5:B5) -> 6.6672745e+08
A6: 4.9858568e+08 | B6: 8.5270303e+08 | D6: =AVERAGE(A6:B6) -> 6.7564436e+08
A7: 4.8568211e+08 | B7: 8.8389406e+08 | D7: =AVERAGE(A7:B7) -> 6.8478808e+08
A8: 4.7355841e+08 | B8: 9.1476283e+08 | D8: =AVERAGE(A8:B8) -> 6.9416062e+08
A9: 4.6202241e+08 | B9: 9.4550491e+08 | D9: =AVERAGE(A9:B9) -> 7.0376366e+08
A10: 4.5094695e+08 | B10: 9.7625025e+08 | D10: =AVERAGE(A10:B10) -> 7.135986e+08
A11: 4.4024417e+08 | B11: 1.0070889e+09 | D11: =AVERAGE(A11:B11) -> 7.2366655e+08
F12: sd
A13: =AVERAGE(A2:A11) -> 4.9689798e+08 | B13: =AVERAGE(B2:B11) -> 8.6535454e+08 | D13: =AVERAGE(D2:D11) -> 6.8112626e+08 | F13: =(B13-D13)/1.96 -> 93994021

Sheet Rotavirus
A1: Lower | B1: Upper
A2: 1.5190524e+08 | B2: 2.395772e+08 | D2: =AVERAGE(A2:B2) -> 1.9574122e+08
A3: 1.3646194e+08 | B3: 2.8890404e+08 | D3: =AVERAGE(A3:B3) -> 2.1268299e+08
A4: 1.1404526e+08 | B4: 3.7011445e+08 | D4: =AVERAGE(A4:B4) -> 2.4207986e+08
A5: 90252570 | B5: 4.5893035e+08 | D5: =AVERAGE(A5:B5) -> 2.7459146e+08
A6: 65912541 | B6: 5.7405657e+08 | D6: =AVERAGE(A6:B6) -> 3.1998455e+08
A7: 43127541 | B7: 7.0595451e+08 | D7: =AVERAGE(A7:B7) -> 3.7454103e+08
A8: 23598514 | B8: 8.6436061e+08 | D8: =AVERAGE(A8:B8) -> 4.4397956e+08
A9: 8988406.5 | B9: 1.0459246e+09 | D9: =AVERAGE(A9:B9) -> 5.2745648e+08
A10: 1001479.8 | B10: 1.2563282e+09 | D10: =AVERAGE(A10:B10) -> 6.2866482e+08
A11: 1278232.5 | B11: 1.4950743e+09 | D11: =AVERAGE(A11:B11) -> 7.4817628e+08
F12: sd
A13: =AVERAGE(A2:A11) -> 63657173 | B13: =AVERAGE(B2:B11) -> 7.2992248e+08 | D13: =AVERAGE(D2:D11) -> 3.9678983e+08 | F13: =(B13-D13)/1.96 -> 1.6996564e+08

Sheet PCV
A1: Lower | B1: Upper
A2: 2.1140326e+08 | B2: 2.5294008e+08 | D2: =AVERAGE(A2:B2) -> 2.3217167e+08
A3: 2.0885665e+08 | B3: 3.0393653e+08 | D3: =AVERAGE(A3:B3) -> 2.5639659e+08
A4: 2.0089876e+08 | B4: 3.6342346e+08 | D4: =AVERAGE(A4:B4) -> 2.8216111e+08
A5: 1.8846976e+08 | B5: 4.3102521e+08 | D5: =AVERAGE(A5:B5) -> 3.0974749e+08
A6: 1.7230877e+08 | B6: 5.0652359e+08 | D6: =AVERAGE(A6:B6) -> 3.3941618e+08
A7: 1.5305975e+08 | B7: 5.8977908e+08 | D7: =AVERAGE(A7:B7) -> 3.7141941e+08
A8: 1.3133406e+08 | B8: 6.8069379e+08 | D8: =AVERAGE(A8:B8) -> 4.0601393e+08
A9: 1.0775672e+08 | B9: 7.7919376e+08 | D9: =AVERAGE(A9:B9) -> 4.4347524e+08
A10: 83015401 | B10: 8.8521982e+08 | D10: =AVERAGE(A10:B10) -> 4.8411761e+08
A11: 57933752 | B11: 9.9872265e+08 | D11: =AVERAGE(A11:B11) -> 5.283282e+08
F12: sd
A13: =AVERAGE(A2:A11) -> 1.5150369e+08 | B13: =AVERAGE(B2:B11) -> 5.791458e+08 | D13: =AVERAGE(D2:D11) -> 3.6532474e+08 | F13: =(B13-D13)/1.96 -> 1.0909237e+08

Sheet Measles
A1: Lower | B1: Upper
A2: 2.4726108e+08 | B2: 6.6871163e+08 | D2: =AVERAGE(A2:B2) -> 4.5798636e+08
A3: 1.9776823e+08 | B3: 8.1063399e+08 | D3: =AVERAGE(A3:B3) -> 5.0420111e+08
A4: 1.7482519e+08 | B4: 9.1986944e+08 | D4: =AVERAGE(A4:B4) -> 5.4734731e+08
A5: 1.5460839e+08 | B5: 1.0426258e+09 | D5: =AVERAGE(A5:B5) -> 5.986171e+08
A6: 1.3423752e+08 | B6: 1.1756312e+09 | D6: =AVERAGE(A6:B6) -> 6.5493437e+08
A7: 1.1566567e+08 | B7: 1.3134928e+09 | D7: =AVERAGE(A7:B7) -> 7.1457923e+08
A8: 98792334 | B8: 1.4582297e+09 | D8: =AVERAGE(A8:B8) -> 7.78511e+08
A9: 83133859 | B9: 1.611381e+09 | D9: =AVERAGE(A9:B9) -> 8.4725743e+08
A10: 68628718 | B10: 1.7730638e+09 | D10: =AVERAGE(A10:B10) -> 9.2084628e+08
A11: 55327890 | B11: 1.943512e+09 | D11: =AVERAGE(A11:B11) -> 9.9941994e+08
F12: sd
A13: =AVERAGE(A2:A11) -> 1.3302489e+08 | B13: =AVERAGE(B2:B11) -> 1.2717151e+09 | D13: =AVERAGE(D2:D11) -> 7.0237001e+08 | F13: =(B13-D13)/1.96 -> 2.9048221e+08

Sheet Mumps
A1: Lower | B1: Upper
A2: 15606210 | B2: 39449728 | D2: =AVERAGE(A2:B2) -> 27527969
A3: 11550680 | B3: 47723828 | D3: =AVERAGE(A3:B3) -> 29637254
A4: 8463058.9 | B4: 55849318 | D4: =AVERAGE(A4:B4) -> 32156189
A5: 5946849.5 | B5: 64308511 | D5: =AVERAGE(A5:B5) -> 35127680
A6: 3887788.6 | B6: 73301486 | D6: =AVERAGE(A6:B6) -> 38594637
A7: 2254283.7 | B7: 82945651 | D7: =AVERAGE(A7:B7) -> 42599967
A8: 1048378.7 | B8: 93324778 | D8: =AVERAGE(A8:B8) -> 47186578
A9: 288418.12 | B9: 1.0450634e+08 | D9: =AVERAGE(A9:B9) -> 52397379
A10: 1567.8178 | B10: 1.1654898e+08 | D10: =AVERAGE(A10:B10) -> 58275276
A11: 220145.98 | B11: 1.2950621e+08 | D11: =AVERAGE(A11:B11) -> 64863178
F12: sd
A13: =AVERAGE(A2:A11) -> 4926738.2 | B13: =AVERAGE(B2:B11) -> 80746483 | D13: =AVERAGE(D2:D11) -> 42836611 | F13: =(B13-D13)/1.96 -> 19341772

Sheet Rubella
A1: Lower | B1: Upper
A2: 1.9094884e+08 | B2: 5.6066876e+08 | D2: =AVERAGE(A2:B2) -> 3.758088e+08
A3: 1.5898239e+08 | B3: 6.5663944e+08 | D3: =AVERAGE(A3:B3) -> 4.0781092e+08
A4: 1.5131168e+08 | B4: 7.347489e+08 | D4: =AVERAGE(A4:B4) -> 4.4303029e+08
A5: 1.4456884e+08 | B5: 8.3384585e+08 | D5: =AVERAGE(A5:B5) -> 4.8920735e+08
A6: 1.3593633e+08 | B6: 9.3518399e+08 | D6: =AVERAGE(A6:B6) -> 5.3556016e+08
A7: 1.2897444e+08 | B7: 1.035702e+09 | D7: =AVERAGE(A7:B7) -> 5.8233823e+08
A8: 1.2325241e+08 | B8: 1.1408655e+09 | D8: =AVERAGE(A8:B8) -> 6.3205896e+08
A9: 1.1785467e+08 | B9: 1.2505733e+09 | D9: =AVERAGE(A9:B9) -> 6.84214e+08
A10: 1.1279096e+08 | B10: 1.3639091e+09 | D10: =AVERAGE(A10:B10) -> 7.3835004e+08
A11: 1.0810007e+08 | B11: 1.4812952e+09 | D11: =AVERAGE(A11:B11) -> 7.9469765e+08
F12: sd
A13: =AVERAGE(A2:A11) -> 1.3727206e+08 | B13: =AVERAGE(B2:B11) -> 9.9934321e+08 | D13: =AVERAGE(D2:D11) -> 5.6830764e+08 | F13: =(B13-D13)/1.96 -> 2.1991611e+08

Sheet Hepatitis_B
A1: Lower | B1: Upper
A2: 3.130641e+08 | B2: 4.498679e+08 | D2: =AVERAGE(A2:B2) -> 3.81466e+08
A3: 2.8417216e+08 | B3: 4.9410955e+08 | D3: =AVERAGE(A3:B3) -> 3.8914085e+08
A4: 2.3692911e+08 | B4: 5.5122791e+08 | D4: =AVERAGE(A4:B4) -> 3.9407851e+08
A5: 2.0422677e+08 | B5: 5.9369709e+08 | D5: =AVERAGE(A5:B5) -> 3.9896193e+08
A6: 1.7860843e+08 | B6: 6.2897502e+08 | D6: =AVERAGE(A6:B6) -> 4.0379172e+08
A7: 1.5744219e+08 | B7: 6.5969474e+08 | D7: =AVERAGE(A7:B7) -> 4.0856847e+08
A8: 1.3942513e+08 | B8: 6.8716036e+08 | D8: =AVERAGE(A8:B8) -> 4.1329275e+08
A9: 1.2379605e+08 | B9: 7.1213423e+08 | D9: =AVERAGE(A9:B9) -> 4.1796514e+08
A10: 1.1006283e+08 | B10: 7.3510959e+08 | D10: =AVERAGE(A10:B10) -> 4.2258621e+08
A11: 97884696 | B11: 7.5642837e+08 | D11: =AVERAGE(A11:B11) -> 4.2715653e+08
F12: sd
A13: =AVERAGE(A2:A11) -> 1.8456115e+08 | B13: =AVERAGE(B2:B11) -> 6.2684048e+08 | D13: =AVERAGE(D2:D11) -> 4.0570081e+08 | F13: =(B13-D13)/1.96 -> 1.1282636e+08

Sheet Hib
A1: Lower | B1: Upper
A2: 2.6314973e+08 | B2: 3.3538042e+08 | D2: =AVERAGE(A2:B2) -> 2.9926507e+08
A3: 2.6020244e+08 | B3: 3.6235207e+08 | D3: =AVERAGE(A3:B3) -> 3.1127726e+08
A4: 2.6073583e+08 | B4: 3.8584306e+08 | D4: =AVERAGE(A4:B4) -> 3.2328944e+08
A5: 2.6307093e+08 | B5: 4.0753232e+08 | D5: =AVERAGE(A5:B5) -> 3.3530163e+08
A6: 2.6655744e+08 | B6: 4.2807019e+08 | D6: =AVERAGE(A6:B6) -> 3.4731381e+08
A7: 2.7086183e+08 | B7: 4.4779017e+08 | D7: =AVERAGE(A7:B7) -> 3.59326e+08
A8: 2.7578596e+08 | B8: 4.6689041e+08 | D8: =AVERAGE(A8:B8) -> 3.7133818e+08
A9: 2.8120074e+08 | B9: 4.855e+08 | D9: =AVERAGE(A9:B9) -> 3.8335037e+08
A10: 2.8701651e+08 | B10: 5.037086e+08 | D10: =AVERAGE(A10:B10) -> 3.9536256e+08
A11: 2.9316798e+08 | B11: 5.215815e+08 | D11: =AVERAGE(A11:B11) -> 4.0737474e+08
F12: sd
A13: =AVERAGE(A2:A11) -> 2.7217494e+08 | B13: =AVERAGE(B2:B11) -> 4.3446487e+08 | D13: =AVERAGE(D2:D11) -> 3.5331991e+08 | F13: =(B13-D13)/1.96 -> 41400494

Sheet HPV
A1: Lower | B1: Upper
A2: 25915771 | B2: 31963266 | D2: =AVERAGE(A2:B2) -> 28939518
A3: 32672389 | B3: 39307453 | D3: =AVERAGE(A3:B3) -> 35989921
A4: 35258738 | B4: 46720359 | D4: =AVERAGE(A4:B4) -> 40989549
A5: 39200401 | B5: 52982967 | D5: =AVERAGE(A5:B5) -> 46091684
A6: 44801883 | B6: 62638827 | D6: =AVERAGE(A6:B6) -> 53720355
A7: 47468483 | B7: 69521043 | D7: =AVERAGE(A7:B7) -> 58494763
A8: 53936392 | B8: 79895885 | D8: =AVERAGE(A8:B8) -> 66916138
A9: 57364080 | B9: 88600253 | D9: =AVERAGE(A9:B9) -> 72982166
A10: 63252403 | B10: 98899565 | D10: =AVERAGE(A10:B10) -> 81075984
A11: 68321696 | B11: 1.0956822e+08 | D11: =AVERAGE(A11:B11) -> 88944959
F12: sd
A13: =AVERAGE(A2:A11) -> 46819224 | B13: =AVERAGE(B2:B11) -> 68009784 | D13: =AVERAGE(D2:D11) -> 57414504 | F13: =(B13-D13)/1.96 -> 5405755.2

Sheet Scenario_data
A1: Antigen | B1: 1 | C1: 2 | D1: 3 | E1: 4 | F1: 5 | G1: 6 | H1: 7 | I1: 8 | J1: 9 | K1: 10
A2: Measles | B2: =_xlfn.NORM.INV(RAND(),Measles!$D2,Measles!$F$13) -> 3.2723286e+08 | C2: =_xlfn.NORM.INV(RAND(),Measles!$D3,Measles!$F$13) -> 6.4994424e+08 | D2: =_xlfn.NORM.INV(RAND(),Measles!$D4,Measles!$F$13) -> 5.60303e+08 | E2: =_xlfn.NORM.INV(RAND(),Measles!$D5,Measles!$F$13) -> 1.2644747e+09 | F2: =_xlfn.NORM.INV(RAND(),Measles!$D6,Measles!$F$13) -> 5.1058889e+08 | G2: =_xlfn.NORM.INV(RAND(),Measles!$D7,Measles!$F$13) -> 4.7916734e+08 | H2: =_xlfn.NORM.INV(RAND(),Measles!$D8,Measles!$F$13) -> 9.7606542e+08 | I2: =_xlfn.NORM.INV(RAND(),Measles!$D9,Measles!$F$13) -> 1.3216236e+09 | J2: =_xlfn.NORM.INV(RAND(),Measles!$D10,Measles!$F$13) -> 8.7995239e+08 | K2: =_xlfn.NORM.INV(RAND(),Measles!$D11,Measles!$F$13) -> 1.1970202e+09
A3: Mumps | B3: =_xlfn.NORM.INV(RAND(),Mumps!$D2,Mumps!$F$13) -> 30566967 | C3: =_xlfn.NORM.INV(RAND(),Mumps!$D3,Mumps!$F$13) -> 29027711 | D3: =_xlfn.NORM.INV(RAND(),Mumps!$D4,Mumps!$F$13) -> 32270670 | E3: =_xlfn.NORM.INV(RAND(),Mumps!$D5,Mumps!$F$13) -> 4526348.6 | F3: =_xlfn.NORM.INV(RAND(),Mumps!$D6,Mumps!$F$13) -> 37483032 | G3: =_xlfn.NORM.INV(RAND(),Mumps!$D7,Mumps!$F$13) -> 42021682 | H3: =_xlfn.NORM.INV(RAND(),Mumps!$D8,Mumps!$F$13) -> 34544391 | I3: =_xlfn.NORM.INV(RAND(),Mumps!$D9,Mumps!$F$13) -> 70179578 | J3: =_xlfn.NORM.INV(RAND(),Mumps!$D10,Mumps!$F$13) -> 54616438 | K3: =_xlfn.NORM.INV(RAND(),Mumps!$D11,Mumps!$F$13) -> 59994176
A4: Rubella | B4: =_xlfn.NORM.INV(RAND(),Rubella!$D2,Rubella!$F$13) -> 3.5420542e+08 | C4: =_xlfn.NORM.INV(RAND(),Rubella!$D3,Rubella!$F$13) -> 2.369548e+08 | D4: =_xlfn.NORM.INV(RAND(),Rubella!$D4,Rubella!$F$13) -> 6.1615958e+08 | E4: =_xlfn.NORM.INV(RAND(),Rubella!$D5,Rubella!$F$13) -> 5.8050773e+08 | F4: =_xlfn.NORM.INV(RAND(),Rubella!$D6,Rubella!$F$13) -> 3.0352715e+08 | G4: =_xlfn.NORM.INV(RAND(),Rubella!$D7,Rubella!$F$13) -> 7.3201603e+08 | H4: =_xlfn.NORM.INV(RAND(),Rubella!$D8,Rubella!$F$13) -> 5.9442734e+08 | I4: =_xlfn.NORM.INV(RAND(),Rubella!$D9,Rubella!$F$13) -> 6.8490508e+08 | J4: =_xlfn.NORM.INV(RAND(),Rubella!$D10,Rubella!$F$13) -> 6.671752e+08 | K4: =_xlfn.NORM.INV(RAND(),Rubella!$D11,Rubella!$F$13) -> 8.5017102e+08
A5: Diphtheria | B5: =_xlfn.NORM.INV(RAND(),Diphtheria!$D2,Diphtheria!$F$13) -> 2.857568e+08 | C5: =_xlfn.NORM.INV(RAND(),Diphtheria!$D3,Diphtheria!$F$13) -> 6.5479672e+08 | D5: =_xlfn.NORM.INV(RAND(),Diphtheria!$D4,Diphtheria!$F$13) -> 4.4354046e+08 | E5: =_xlfn.NORM.INV(RAND(),Diphtheria!$D5,Diphtheria!$F$13) -> 7.0980511e+08 | F5: =_xlfn.NORM.INV(RAND(),Diphtheria!$D6,Diphtheria!$F$13) -> 8.3007069e+08 | G5: =_xlfn.NORM.INV(RAND(),Diphtheria!$D8,Diphtheria!$F$13) -> 1.7305623e+09 | H5: =_xlfn.NORM.INV(RAND(),Diphtheria!$D9,Diphtheria!$F$13) -> 1.1270856e+09 | I5: =_xlfn.NORM.INV(RAND(),Diphtheria!$D10,Diphtheria!$F$13) -> 1.6061669e+09 | J5: =_xlfn.NORM.INV(RAND(),Diphtheria!$D10,Diphtheria!$F$13) -> 1.2463925e+09 | K5: =_xlfn.NORM.INV(RAND(),Diphtheria!$D11,Diphtheria!$F$13) -> 2.0361094e+09
A6: Tetanus | B6: =_xlfn.NORM.INV(RAND(),Tetanus!$D2,Tetanus!$F$13) -> 3.8967165e+08 | C6: =_xlfn.NORM.INV(RAND(),Tetanus!$D3,Tetanus!$F$13) -> 8.5345348e+08 | D6: =_xlfn.NORM.INV(RAND(),Tetanus!$D4,Tetanus!$F$13) -> 6.771175e+08 | E6: =_xlfn.NORM.INV(RAND(),Tetanus!$D5,Tetanus!$F$13) -> 6.2711752e+08 | F6: =_xlfn.NORM.INV(RAND(),Tetanus!$D6,Tetanus!$F$13) -> 6.1453268e+08 | G6: =_xlfn.NORM.INV(RAND(),Tetanus!$D7,Tetanus!$F$13) -> 6.3372156e+08 | H6: =_xlfn.NORM.INV(RAND(),Tetanus!$D8,Tetanus!$F$13) -> 6.95027e+08 | I6: =_xlfn.NORM.INV(RAND(),Tetanus!$D9,Tetanus!$F$13) -> 6.8459861e+08 | J6: =_xlfn.NORM.INV(RAND(),Tetanus!$D10,Tetanus!$F$13) -> 6.9376073e+08 | K6: =_xlfn.NORM.INV(RAND(),Tetanus!$D11,Tetanus!$F$13) -> 7.3534505e+08
A7: Pertussis | B7: =_xlfn.NORM.INV(RAND(),Pertussis!$D2,Pertussis!$F$13) -> 3.4585027e+08 | C7: =_xlfn.NORM.INV(RAND(),Pertussis!$D2,Pertussis!$F$13) -> 3.513065e+08 | D7: =_xlfn.NORM.INV(RAND(),Pertussis!$D4,Pertussis!$F$13) -> 3.4928609e+08 | E7: =_xlfn.NORM.INV(RAND(),Pertussis!$D5,Pertussis!$F$13) -> 3.482037e+08 | F7: =_xlfn.NORM.INV(RAND(),Pertussis!$D6,Pertussis!$F$13) -> 4.189097e+08 | G7: =_xlfn.NORM.INV(RAND(),Pertussis!$D7,Pertussis!$F$13) -> 3.8750986e+08 | H7: =_xlfn.NORM.INV(RAND(),Pertussis!$D8,Pertussis!$F$13) -> 4.0177953e+08 | I7: =_xlfn.NORM.INV(RAND(),Pertussis!$D9,Pertussis!$F$13) -> 2.8968456e+08 | J7: =_xlfn.NORM.INV(RAND(),Pertussis!$D10,Pertussis!$F$13) -> 3.7859994e+08 | K7: =_xlfn.NORM.INV(RAND(),Pertussis!$D11,Pertussis!$F$13) -> 3.3911093e+08
A8: Hepatitis_B | B8: =_xlfn.NORM.INV(RAND(),Hepatitis_B!$D2,Hepatitis_B!$F$13) -> 5.2516938e+08 | C8: =_xlfn.NORM.INV(RAND(),Hepatitis_B!$D3,Hepatitis_B!$F$13) -> 3.3685931e+08 | D8: =_xlfn.NORM.INV(RAND(),Hepatitis_B!$D4,Hepatitis_B!$F$13) -> 3.5426194e+08 | E8: =_xlfn.NORM.INV(RAND(),Hepatitis_B!$D5,Hepatitis_B!$F$13) -> 3.7820375e+08 | F8: =_xlfn.NORM.INV(RAND(),Hepatitis_B!$D6,Hepatitis_B!$F$13) -> 4.629849e+08 | G8: =_xlfn.NORM.INV(RAND(),Hepatitis_B!$D7,Hepatitis_B!$F$13) -> 4.2102289e+08 | H8: =_xlfn.NORM.INV(RAND(),Hepatitis_B!$D8,Hepatitis_B!$F$13) -> 4.9686215e+08 | I8: =_xlfn.NORM.INV(RAND(),Hepatitis_B!$D9,Hepatitis_B!$F$13) -> 6.9189822e+08 | J8: =_xlfn.NORM.INV(RAND(),Hepatitis_B!$D10,Hepatitis_B!$F$13) -> 4.6621484e+08 | K8: =_xlfn.NORM.INV(RAND(),Hepatitis_B!$D11,Hepatitis_B!$F$13) -> 4.1056029e+08
A9: Hib | B9: =_xlfn.NORM.INV(RAND(),Hib!$D2,Hib!$F$13) -> 3.1489248e+08 | C9: =_xlfn.NORM.INV(RAND(),Hib!$D3,Hib!$F$13) -> 3.7375372e+08 | D9: =_xlfn.NORM.INV(RAND(),Hib!$D4,Hib!$F$13) -> 4.1442822e+08 | E9: =_xlfn.NORM.INV(RAND(),Hib!$D5,Hib!$F$13) -> 3.743057e+08 | F9: =_xlfn.NORM.INV(RAND(),Hib!$D6,Hib!$F$13) -> 2.6993802e+08 | G9: =_xlfn.NORM.INV(RAND(),Hib!$D7,Hib!$F$13) -> 4.0163885e+08 | H9: =_xlfn.NORM.INV(RAND(),Hib!$D8,Hib!$F$13) -> 3.3344951e+08 | I9: =_xlfn.NORM.INV(RAND(),Hib!$D9,Hib!$F$13) -> 4.0595961e+08 | J9: =_xlfn.NORM.INV(RAND(),Hib!$D10,Hib!$F$13) -> 4.1980067e+08 | K9: =_xlfn.NORM.INV(RAND(),Hib!$D11,Hib!$F$13) -> 3.457311e+08
A10: Polio | B10: =_xlfn.NORM.INV(RAND(),Polio!$D2,Polio!$F$13) -> 7.808877e+08 | C10: =_xlfn.NORM.INV(RAND(),Polio!$D3,Polio!$F$13) -> 6.5797431e+08 | D10: =_xlfn.NORM.INV(RAND(),Polio!$D4,Polio!$F$13) -> 3.9081354e+08 | E10: =_xlfn.NORM.INV(RAND(),Polio!$D5,Polio!$F$13) -> 5.8952537e+08 | F10: =_xlfn.NORM.INV(RAND(),Polio!$D6,Polio!$F$13) -> 8.2520044e+08 | G10: =_xlfn.NORM.INV(RAND(),Polio!$D7,Polio!$F$13) -> 5.468775e+08 | H10: =_xlfn.NORM.INV(RAND(),Polio!$D8,Polio!$F$13) -> 7.8955419e+08 | I10: =_xlfn.NORM.INV(RAND(),Polio!$D9,Polio!$F$13) -> 7.8721189e+08 | J10: =_xlfn.NORM.INV(RAND(),Polio!$D10,Polio!$F$13) -> 1.1203685e+09 | K10: =_xlfn.NORM.INV(RAND(),Polio!$D11,Polio!$F$13) -> 6.7966748e+08
A11: HPV | B11: =_xlfn.NORM.INV(RAND(),HPV!$D2,HPV!$F$13) -> 35010959 | C11: =_xlfn.NORM.INV(RAND(),HPV!$D3,HPV!$F$13) -> 40083367 | D11: =_xlfn.NORM.INV(RAND(),HPV!$D4,HPV!$F$13) -> 38250600 | E11: =_xlfn.NORM.INV(RAND(),HPV!$D5,HPV!$F$13) -> 48122186 | F11: =_xlfn.NORM.INV(RAND(),HPV!$D6,HPV!$F$13) -> 47653520 | G11: =_xlfn.NORM.INV(RAND(),HPV!$D7,HPV!$F$13) -> 61292965 | H11: =_xlfn.NORM.INV(RAND(),HPV!$D8,HPV!$F$13) -> 78042265 | I11: =_xlfn.NORM.INV(RAND(),HPV!$D9,HPV!$F$13) -> 74149519 | J11: =_xlfn.NORM.INV(RAND(),HPV!$D10,HPV!$F$13) -> 81327848 | K11: =_xlfn.NORM.INV(RAND(),HPV!$D11,HPV!$F$13) -> 96041229
A12: Rotavirus | B12: =_xlfn.NORM.INV(RAND(),Rotavirus!$D2,Rotavirus!$F$13) -> -79432640 | C12: =_xlfn.NORM.INV(RAND(),Rotavirus!$D3,Rotavirus!$F$13) -> 1.8415851e+08 | D12: =_xlfn.NORM.INV(RAND(),Rotavirus!$D4,Rotavirus!$F$13) -> 76757840 | E12: =_xlfn.NORM.INV(RAND(),Rotavirus!$D5,Rotavirus!$F$13) -> 3.4507165e+08 | F12: =_xlfn.NORM.INV(RAND(),Rotavirus!$D6,Rotavirus!$F$13) -> 2.2027868e+08 | G12: =_xlfn.NORM.INV(RAND(),Rotavirus!$D7,Rotavirus!$F$13) -> 4.4606e+08 | H12: =_xlfn.NORM.INV(RAND(),Rotavirus!$D8,Rotavirus!$F$13) -> 2.5642777e+08 | I12: =_xlfn.NORM.INV(RAND(),Rotavirus!$D9,Rotavirus!$F$13) -> 4.1384878e+08 | J12: =_xlfn.NORM.INV(RAND(),Rotavirus!$D10,Rotavirus!$F$13) -> 5.4318513e+08 | K12: =_xlfn.NORM.INV(RAND(),Rotavirus!$D11,Rotavirus!$F$13) -> 5.422451e+08
A13: PCV | B13: =_xlfn.NORM.INV(RAND(),PCV!$D2,PCV!$F$13) -> 78344908 | C13: =_xlfn.NORM.INV(RAND(),PCV!$D3,PCV!$F$13) -> 2.9961334e+08 | D13: =_xlfn.NORM.INV(RAND(),PCV!$D4,PCV!$F$13) -> 3.8605733e+08 | E13: =_xlfn.NORM.INV(RAND(),PCV!$D5,PCV!$F$13) -> 4.9545369e+08 | F13: =_xlfn.NORM.INV(RAND(),PCV!$D6,PCV!$F$13) -> 3.7490387e+08 | G13: =_xlfn.NORM.INV(RAND(),PCV!$D7,PCV!$F$13) -> 3.1575404e+08 | H13: =_xlfn.NORM.INV(RAND(),PCV!$D8,PCV!$F$13) -> 6.7194112e+08 | I13: =_xlfn.NORM.INV(RAND(),PCV!$D9,PCV!$F$13) -> 4.1165501e+08 | J13: =_xlfn.NORM.INV(RAND(),PCV!$D10,PCV!$F$13) -> 5.0952403e+08 | K13: =_xlfn.NORM.INV(RAND(),Hepatitis_B!$D11,PCV!$F$13) -> 6.4895379e+08
A15: Measles | B15: =IF(B2>Measles!B2,Measles!B2,IF(Scenario_data!B2 <Measles!A2,Measles!A2,Scenario_data!B2)) -> 3.2723286e+08 | C15: =IF(C2>Measles!B3,Measles!B3,IF(Scenario_data!C2 <Measles!A3,Measles!A3,Scenario_data!C2)) -> 6.4994424e+08 | D15: =IF(D2>Measles!B4,Measles!B4,IF(Scenario_data!D2 <Measles!A4,Measles!A4,Scenario_data!D2)) -> 5.60303e+08 | E15: =IF(E2>Measles!B5,Measles!B5,IF(Scenario_data!E2 <Measles!A5,Measles!A5,Scenario_data!E2)) -> 1.0426258e+09 | F15: =IF(F2>Measles!B6,Measles!B6,IF(Scenario_data!F2 <Measles!A6,Measles!A6,Scenario_data!F2)) -> 5.1058889e+08 | G15: =IF(G2>Measles!B7,Measles!B7,IF(Scenario_data!G2 <Measles!A7,Measles!A7,Scenario_data!G2)) -> 4.7916734e+08 | H15: =IF(H2>Measles!B8,Measles!B8,IF(Scenario_data!H2 <Measles!A8,Measles!A8,Scenario_data!H2)) -> 9.7606542e+08 | I15: =IF(I2>Measles!B9,Measles!B9,IF(Scenario_data!I2 <Measles!A9,Measles!A9,Scenario_data!I2)) -> 1.3216236e+09 | J15: =IF(J2>Measles!B10,Measles!B10,IF(Scenario_data!J2 <Measles!A10,Measles!A10,Scenario_data!J2)) -> 8.7995239e+08 | K15: =IF(K2>Measles!B11,Measles!B11,IF(Scenario_data!K2 <Measles!A11,Measles!A11,Scenario_data!K2)) -> 1.1970202e+09
A16: Mumps | B16: =IF(B3>Mumps!B2,Mumps!B2,IF(Scenario_data!B3 <Mumps!A2,Mumps!A2,Scenario_data!B3)) -> 30566967 | C16: =IF(C3>Mumps!B3,Mumps!B3,IF(Scenario_data!C3 <Mumps!A3,Mumps!A3,Scenario_data!C3)) -> 29027711 | D16: =IF(D3>Mumps!B4,Mumps!B4,IF(Scenario_data!D3 <Mumps!A4,Mumps!A4,Scenario_data!D3)) -> 32270670 | E16: =IF(E3>Mumps!B5,Mumps!B5,IF(Scenario_data!E3 <Mumps!A5,Mumps!A5,Scenario_data!E3)) -> 5946849.5 | F16: =IF(F3>Mumps!B6,Mumps!B6,IF(Scenario_data!F3 <Mumps!A6,Mumps!A6,Scenario_data!F3)) -> 37483032 | G16: =IF(G3>Mumps!B7,Mumps!B7,IF(Scenario_data!G3 <Mumps!A7,Mumps!A7,Scenario_data!G3)) -> 42021682 | H16: =IF(H3>Mumps!B8,Mumps!B8,IF(Scenario_data!H3 <Mumps!A8,Mumps!A8,Scenario_data!H3)) -> 34544391 | I16: =IF(I3>Mumps!B9,Mumps!B9,IF(Scenario_data!I3 <Mumps!A9,Mumps!A9,Scenario_data!I3)) -> 70179578 | J16: =IF(J3>Mumps!B10,Mumps!B10,IF(Scenario_data!J3 <Mumps!A10,Mumps!A10,Scenario_data!J3)) -> 54616438 | K16: =IF(K3>Mumps!B11,Mumps!B11,IF(Scenario_data!K3 <Mumps!A11,Mumps!A11,Scenario_data!K3)) -> 59994176
A17: Rubella | B17: =IF(B4>Rubella!B2,Rubella!B2,IF(Scenario_data!B4 <Rubella!A2,Rubella!A2,Scenario_data!B4)) -> 3.5420542e+08 | C17: =IF(C4>Rubella!B3,Rubella!B3,IF(Scenario_data!C4 <Rubella!A3,Rubella!A3,Scenario_data!C4)) -> 2.369548e+08 | D17: =IF(D4>Rubella!B4,Rubella!B4,IF(Scenario_data!D4 <Rubella!A4,Rubella!A4,Scenario_data!D4)) -> 6.1615958e+08 | E17: =IF(E4>Rubella!B5,Rubella!B5,IF(Scenario_data!E4 <Rubella!A5,Rubella!A5,Scenario_data!E4)) -> 5.8050773e+08 | F17: =IF(F4>Rubella!B6,Rubella!B6,IF(Scenario_data!F4 <Rubella!A6,Rubella!A6,Scenario_data!F4)) -> 3.0352715e+08 | G17: =IF(G4>Rubella!B7,Rubella!B7,IF(Scenario_data!G4 <Rubella!A7,Rubella!A7,Scenario_data!G4)) -> 7.3201603e+08 | H17: =IF(H4>Rubella!B8,Rubella!B8,IF(Scenario_data!H4 <Rubella!A8,Rubella!A8,Scenario_data!H4)) -> 5.9442734e+08 | I17: =IF(I4>Rubella!B9,Rubella!B9,IF(Scenario_data!I4 <Rubella!A9,Rubella!A9,Scenario_data!I4)) -> 6.8490508e+08 | J17: =IF(J4>Rubella!B10,Rubella!B10,IF(Scenario_data!J4 <Rubella!A10,Rubella!A10,Scenario_data!J4)) -> 6.671752e+08 | K17: =IF(K4>Rubella!B12=1,Rubella!B11,IF(Scenario_data!K4 <Rubella!A11,Rubella!A11,Scenario_data!K4)) -> 8.5017102e+08
A18: Diphtheria | B18: =IF(B5>Diphtheria!B2,Diphtheria!B2,IF(Scenario_data!B5 <Diphtheria!A2,Diphtheria!A2,Scenario_data!B5)) -> 5.4588652e+08 | C18: =IF(C5>Diphtheria!B3,Diphtheria!B3,IF(Scenario_data!C5 <Diphtheria!A3,Diphtheria!A3,Scenario_data!C5)) -> 6.5479672e+08 | D18: =IF(D5>Diphtheria!B4,Diphtheria!B4,IF(Scenario_data!D5 <Diphtheria!A4,Diphtheria!A4,Scenario_data!D5)) -> 4.7284516e+08 | E18: =IF(E5>Diphtheria!B5,Diphtheria!B5,IF(Scenario_data!E5 <Diphtheria!A5,Diphtheria!A5,Scenario_data!E5)) -> 7.0980511e+08 | F18: =IF(F5>Diphtheria!B6,Diphtheria!B6,IF(Scenario_data!F5 <Diphtheria!A6,Diphtheria!A6,Scenario_data!F5)) -> 8.3007069e+08 | G18: =IF(G5>Diphtheria!B7,Diphtheria!B7,IF(Scenario_data!G5 <Diphtheria!A7,Diphtheria!A7,Scenario_data!G5)) -> 1.7002472e+09 | H18: =IF(H5>Diphtheria!B8,Diphtheria!B8,IF(Scenario_data!H5 <Diphtheria!A8,Diphtheria!A8,Scenario_data!H5)) -> 1.1270856e+09 | I18: =IF(I5>Diphtheria!B9,Diphtheria!B9,IF(Scenario_data!I5 <Diphtheria!A9,Diphtheria!A9,Scenario_data!I5)) -> 1.6061669e+09 | J18: =IF(J5>Diphtheria!B10,Diphtheria!B10,IF(Scenario_data!J5 <Diphtheria!A10,Diphtheria!A10,Scenario_data!J5)) -> 1.2463925e+09 | K18: =IF(K5>Diphtheria!B11,Diphtheria!B11,IF(Scenario_data!K5 <Diphtheria!A11,Diphtheria!A11,Scenario_data!K5)) -> 2.0361094e+09
A19: Tetanus | B19: =IF(B6>Tetanus!B2,Tetanus!B2,IF(Scenario_data!B6 <Tetanus!A2,Tetanus!A2,Scenario_data!B6)) -> 5.7060507e+08 | C19: =IF(C6>Tetanus!B3,Tetanus!B3,IF(Scenario_data!C6 <Tetanus!A3,Tetanus!A3,Scenario_data!C6)) -> 7.5257299e+08 | D19: =IF(D6>Tetanus!B4,Tetanus!B4,IF(Scenario_data!D6 <Tetanus!A4,Tetanus!A4,Scenario_data!D6)) -> 6.771175e+08 | E19: =IF(E6>Tetanus!B5,Tetanus!B5,IF(Scenario_data!E6 <Tetanus!A5,Tetanus!A5,Scenario_data!E6)) -> 6.2711752e+08 | F19: =IF(F6>Tetanus!B6,Tetanus!B6,IF(Scenario_data!F6 <Tetanus!A6,Tetanus!A6,Scenario_data!F6)) -> 6.1453268e+08 | G19: =IF(G6>Tetanus!B7,Tetanus!B7,IF(Scenario_data!G6 <Tetanus!A7,Tetanus!A7,Scenario_data!G6)) -> 6.3372156e+08 | H19: =IF(H6>Tetanus!B8,Tetanus!B8,IF(Scenario_data!H6 <Tetanus!A8,Tetanus!A8,Scenario_data!H6)) -> 6.95027e+08 | I19: =IF(I6>Tetanus!B9,Tetanus!B9,IF(Scenario_data!I6 <Tetanus!A9,Tetanus!A9,Scenario_data!I6)) -> 6.8459861e+08 | J19: =IF(J6>Tetanus!B10,Tetanus!B10,IF(Scenario_data!J6 <Tetanus!A10,Tetanus!A10,Scenario_data!J6)) -> 6.9376073e+08 | K19: =IF(K6>Tetanus!B11,Tetanus!B11,IF(Scenario_data!K6 <Tetanus!A11,Tetanus!A11,Scenario_data!K6)) -> 7.3534505e+08
A20: Pertussis | B20: =IF(B7>Pertussis!B2,Pertussis!B2,IF(Scenario_data!B7 <Pertussis!A2,Pertussis!A2,Scenario_data!B7)) -> 3.4585027e+08 | C20: =IF(C7>Pertussis!B3,Pertussis!B3,IF(Scenario_data!C7 <Pertussis!A3,Pertussis!A3,Scenario_data!C7)) -> 3.513065e+08 | D20: =IF(D7>Pertussis!B4,Pertussis!B4,IF(Scenario_data!D7 <Pertussis!A4,Pertussis!A4,Scenario_data!D7)) -> 3.4928609e+08 | E20: =IF(E7>Pertussis!B5,Pertussis!B5,IF(Scenario_data!E7 <Pertussis!A5,Pertussis!A5,Scenario_data!E7)) -> 3.482037e+08 | F20: =IF(F7>Pertussis!B6,Pertussis!B6,IF(Scenario_data!F7 <Pertussis!A6,Pertussis!A6,Scenario_data!F7)) -> 4.189097e+08 | G20: =IF(G7>Pertussis!B7,Pertussis!B7,IF(Scenario_data!G7 <Pertussis!A7,Pertussis!A7,Scenario_data!G7)) -> 3.8750986e+08 | H20: =IF(H7>Pertussis!B8,Pertussis!B8,IF(Scenario_data!H7 <Pertussis!A8,Pertussis!A8,Scenario_data!H7)) -> 4.0177953e+08 | I20: =IF(I7>Pertussis!B9,Pertussis!B9,IF(Scenario_data!I7 <Pertussis!A9,Pertussis!A9,Scenario_data!I7)) -> 2.8968456e+08 | J20: =IF(J7>Pertussis!B10,Pertussis!B10,IF(Scenario_data!J7 <Pertussis!A10,Pertussis!A10,Scenario_data!J7)) -> 3.7859994e+08 | K20: =IF(K7>Pertussis!B11,Pertussis!B11,IF(Scenario_data!K7 <Pertussis!A11,Pertussis!A11,Scenario_data!K7)) -> 3.3911093e+08
A21: Hepatitis_B | B21: =IF(B8>Hepatitis_B!B2,Hepatitis_B!B2,IF(Scenario_data!B8 <Hepatitis_B!A2,Hepatitis_B!A2,Scenario_data!B8)) -> 4.498679e+08 | C21: =IF(C8>Hepatitis_B!B3,Hepatitis_B!B3,IF(Scenario_data!C8 <Hepatitis_B!A3,Hepatitis_B!A3,Scenario_data!C8)) -> 3.3685931e+08 | D21: =IF(D8>Hepatitis_B!B4,Hepatitis_B!B4,IF(Scenario_data!D8 <Hepatitis_B!A4,Hepatitis_B!A4,Scenario_data!D8)) -> 3.5426194e+08 | E21: =IF(E8>Hepatitis_B!B5,Hepatitis_B!B5,IF(Scenario_data!E8 <Hepatitis_B!A5,Hepatitis_B!A5,Scenario_data!E8)) -> 3.7820375e+08 | F21: =IF(F8>Hepatitis_B!B6,Hepatitis_B!B6,IF(Scenario_data!F8 <Hepatitis_B!A6,Hepatitis_B!A6,Scenario_data!F8)) -> 4.629849e+08 | G21: =IF(G8>Hepatitis_B!B7,Hepatitis_B!B7,IF(Scenario_data!G8 <Hepatitis_B!A7,Hepatitis_B!A7,Scenario_data!G8)) -> 4.2102289e+08 | H21: =IF(H8>Hepatitis_B!B8,Hepatitis_B!B8,IF(Scenario_data!H8 <Hepatitis_B!A8,Hepatitis_B!A8,Scenario_data!H8)) -> 4.9686215e+08 | I21: =IF(I8>Hepatitis_B!B9,Hepatitis_B!B9,IF(Scenario_data!I8 <Hepatitis_B!A9,Hepatitis_B!A9,Scenario_data!I8)) -> 6.9189822e+08 | J21: =IF(J8>Hepatitis_B!B10,Hepatitis_B!B10,IF(Scenario_data!J8 <Hepatitis_B!A10,Hepatitis_B!A10,Scenario_data!J8)) -> 4.6621484e+08 | K21: =IF(K8>Hepatitis_B!B11,Hepatitis_B!B11,IF(Scenario_data!K8 <Hepatitis_B!A11,Hepatitis_B!A11,Scenario_data!K8)) -> 4.1056029e+08
A22: Hib | B22: =IF(B9>Hib!B2,Hib!B2,IF(Scenario_data!B9 <Hib!A2,Hib!A2,Scenario_data!B9)) -> 3.1489248e+08 | C22: =IF(C9>Hib!B3,Hib!B3,IF(Scenario_data!C9 <Hib!A3,Hib!A3,Scenario_data!C9)) -> 3.6235207e+08 | D22: =IF(D9>Hib!B4,Hib!B4,IF(Scenario_data!D9 <Hib!A4,Hib!A4,Scenario_data!D9)) -> 3.8584306e+08 | E22: =IF(E9>Hib!B5,Hib!B5,IF(Scenario_data!E9 <Hib!A5,Hib!A5,Scenario_data!E9)) -> 3.743057e+08 | F22: =IF(F9>Hib!B6,Hib!B6,IF(Scenario_data!F9 <Hib!A6,Hib!A6,Scenario_data!F9)) -> 2.6993802e+08 | G22: =IF(G9>Hib!B7,Hib!B7,IF(Scenario_data!G9 <Hib!A7,Hib!A7,Scenario_data!G9)) -> 4.0163885e+08 | H22: =IF(H9>Hib!B8,Hib!B8,IF(Scenario_data!H9 <Hib!A8,Hib!A8,Scenario_data!H9)) -> 3.3344951e+08 | I22: =IF(I9>Hib!B9,Hib!B9,IF(Scenario_data!I9 <Hib!A9,Hib!A9,Scenario_data!I9)) -> 4.0595961e+08 | J22: =IF(J9>Hib!B10,Hib!B10,IF(Scenario_data!J9 <Hib!A10,Hib!A10,Scenario_data!J9)) -> 4.1980067e+08 | K22: =IF(K9>Hib!B11,Hib!B11,IF(Scenario_data!K9 <Hib!A11,Hib!A11,Scenario_data!K9)) -> 3.457311e+08
A23: Polio | B23: =IF(B10>Polio!B2,Polio!B2,IF(Scenario_data!B10 <Polio!A2,Polio!A2,Scenario_data!B10)) -> 7.1646914e+08 | C23: =IF(C10>Polio!B3,Polio!B3,IF(Scenario_data!C10 <Polio!A3,Polio!A3,Scenario_data!C10)) -> 6.5797431e+08 | D23: =IF(D10>Polio!B4,Polio!B4,IF(Scenario_data!D10 <Polio!A4,Polio!A4,Scenario_data!D10)) -> 5.2545151e+08 | E23: =IF(E10>Polio!B5,Polio!B5,IF(Scenario_data!E10 <Polio!A5,Polio!A5,Scenario_data!E10)) -> 5.8952537e+08 | F23: =IF(F10>Polio!B6,Polio!B6,IF(Scenario_data!F10 <Polio!A6,Polio!A6,Scenario_data!F10)) -> 8.2520044e+08 | G23: =IF(G10>Polio!B7,Polio!B7,IF(Scenario_data!G10 <Polio!A7,Polio!A7,Scenario_data!G10)) -> 5.468775e+08 | H23: =IF(H10>Polio!B8,Polio!B8,IF(Scenario_data!H10 <Polio!A8,Polio!A8,Scenario_data!H10)) -> 7.8955419e+08 | I23: =IF(I10>Polio!B9,Polio!B9,IF(Scenario_data!I10 <Polio!A9,Polio!A9,Scenario_data!I10)) -> 7.8721189e+08 | J23: =IF(J10>Polio!B10,Polio!B10,IF(Scenario_data!J10 <Polio!A10,Polio!A10,Scenario_data!J10)) -> 1.1203685e+09 | K23: =IF(K10>Polio!B11,Polio!B11,IF(Scenario_data!K10 <Polio!A11,Polio!A11,Scenario_data!K10)) -> 6.7966748e+08
A24: HPV | B24: =IF(B11>HPV!B2,HPV!B2,IF(Scenario_data!B11 <HPV!A2,HPV!A2,Scenario_data!B11)) -> 31963266 | C24: =IF(C11>HPV!B3,HPV!B3,IF(Scenario_data!C11 <HPV!A3,HPV!A3,Scenario_data!C11)) -> 39307453 | D24: =IF(D11>HPV!B4,HPV!B4,IF(Scenario_data!D11 <HPV!A4,HPV!A4,Scenario_data!D11)) -> 38250600 | E24: =IF(E11>HPV!B5,HPV!B5,IF(Scenario_data!E11 <HPV!A5,HPV!A5,Scenario_data!E11)) -> 48122186 | F24: =IF(F11>HPV!B6,HPV!B6,IF(Scenario_data!F11 <HPV!A6,HPV!A6,Scenario_data!F11)) -> 47653520 | G24: =IF(G11>HPV!B7,HPV!B7,IF(Scenario_data!G11 <HPV!A7,HPV!A7,Scenario_data!G11)) -> 61292965 | H24: =IF(H11>HPV!B8,HPV!B8,IF(Scenario_data!H11 <HPV!A8,HPV!A8,Scenario_data!H11)) -> 78042265 | I24: =IF(I11>HPV!B9,HPV!B9,IF(Scenario_data!I11 <HPV!A9,HPV!A9,Scenario_data!I11)) -> 74149519 | J24: =IF(J11>HPV!B10,HPV!B10,IF(Scenario_data!J11 <HPV!A10,HPV!A10,Scenario_data!J11)) -> 81327848 | K24: =IF(K11>HPV!B11,HPV!B11,IF(Scenario_data!K11 <HPV!A11,HPV!A11,Scenario_data!K11)) -> 96041229
A25: Rotavirus | B25: =IF(B12>Rotavirus!B2,Rotavirus!B2,IF(Scenario_data!B12 <Rotavirus!A2,Rotavirus!A2,Scenario_data!B12)) -> 1.5190524e+08 | C25: =IF(C12>Rotavirus!B3,Rotavirus!B3,IF(Scenario_data!C12 <Rotavirus!A3,Rotavirus!A3,Scenario_data!C12)) -> 1.8415851e+08 | D25: =IF(D12>Rotavirus!B4,Rotavirus!B4,IF(Scenario_data!D12 <Rotavirus!A4,Rotavirus!A4,Scenario_data!D12)) -> 1.1404526e+08 | E25: =IF(E12>Rotavirus!B5,Rotavirus!B5,IF(Scenario_data!E12 <Rotavirus!A5,Rotavirus!A5,Scenario_data!E12)) -> 3.4507165e+08 | F25: =IF(F12>Rotavirus!B6,Rotavirus!B6,IF(Scenario_data!F12 <Rotavirus!A6,Rotavirus!A6,Scenario_data!F12)) -> 2.2027868e+08 | G25: =IF(G12>Rotavirus!B7,Rotavirus!B7,IF(Scenario_data!G12 <Rotavirus!A7,Rotavirus!A7,Scenario_data!G12)) -> 4.4606e+08 | H25: =IF(H12>Rotavirus!B8,Rotavirus!B8,IF(Scenario_data!H12 <Rotavirus!A8,Rotavirus!A8,Scenario_data!H12)) -> 2.5642777e+08 | I25: =IF(I12>Rotavirus!B9,Rotavirus!B9,IF(Scenario_data!I12 <Rotavirus!A9,Rotavirus!A9,Scenario_data!I12)) -> 4.1384878e+08 | J25: =IF(J12>Rotavirus!B10,Rotavirus!B10,IF(Scenario_data!J12 <Rotavirus!A10,Rotavirus!A10,Scenario_data!J12)) -> 5.4318513e+08 | K25: =IF(K12>Rotavirus!B11,Rotavirus!B11,IF(Scenario_data!K12 <Rotavirus!A11,Rotavirus!A11,Scenario_data!K12)) -> 5.422451e+08
A26: PCV | B26: =IF(B13>PCV!B2,PCV!B2,IF(Scenario_data!B13 <PCV!A2,PCV!A2,Scenario_data!B13)) -> 2.1140326e+08 | C26: =IF(C13>PCV!B3,PCV!B3,IF(Scenario_data!C13 <PCV!A3,PCV!A3,Scenario_data!C13)) -> 2.9961334e+08 | D26: =IF(D13>PCV!B4,PCV!B4,IF(Scenario_data!D13 <PCV!A4,PCV!A4,Scenario_data!D13)) -> 3.6342346e+08 | E26: =IF(E13>PCV!B5,PCV!B5,IF(Scenario_data!E13 <PCV!A5,PCV!A5,Scenario_data!E13)) -> 4.3102521e+08 | F26: =IF(F13>PCV!B6,PCV!B6,IF(Scenario_data!F13 <PCV!A6,PCV!A6,Scenario_data!F13)) -> 3.7490387e+08 | G26: =IF(G13>PCV!B7,PCV!B7,IF(Scenario_data!G13 <PCV!A7,PCV!A7,Scenario_data!G13)) -> 3.1575404e+08 | H26: =IF(H13>PCV!B8,PCV!B8,IF(Scenario_data!H13 <PCV!A8,PCV!A8,Scenario_data!H13)) -> 6.7194112e+08 | I26: =IF(I13>PCV!B9,PCV!B9,IF(Scenario_data!I13 <PCV!A9,PCV!A9,Scenario_data!I13)) -> 4.1165501e+08 | J26: =IF(J13>PCV!B10,PCV!B10,IF(Scenario_data!J13 <PCV!A10,PCV!A10,Scenario_data!J13)) -> 5.0952403e+08 | K26: =IF(K13>PCV!B11,PCV!B11,IF(Scenario_data!K13 <PCV!A11,PCV!A11,Scenario_data!K13)) -> 6.4895379e+08
