Workbook

Sheet starting_cap
A1: Vaccine | B1: Predicted Demand
A2: Measles | B2: 977251.32
A3: MR | B3: 13328056
A4: MMR | B4: 3.2132669e+08
A5: DT | B5: 6402511.7
A6: DTwP | B6: 59151603
A7: Penta | B7: 2.77875e+08
A8: Hexa | B8: 302888.82
A9: DTwP-Hib | B9: 6311801.7
A10: Hep_B | B10: 66709613
A11: IPV | B11: 1.3654579e+08
A12: Td | B12: 2.6662234e+08
A13: TT | B13: 3172885.9
... A17: PCV | B17: 2.2618058e+08

Sheet prop_by_manuf
A1: Manufacturer | B1: Proportion | C1: Vaccine | D1: Starting Cap | E1: Cap by ratio | F1: Scenario adjustment | I1: Company | J1: Totals
A2: BB_NCIPD | B2: 0.61831771 | C2: DT | D2: =VLOOKUP(C2,starting_cap!$A$2:$B$17,2,FALSE) -> 6402511.7 | E2: =D2*B2 -> 3958786.4 | I2: AJ_Vaccines | J2: =SUMIF(A:A, I2, E:E) -> 12102355
A3: PT_Bio | B3: 0.38168229 | C3: DT | D3: =VLOOKUP(C3,starting_cap!$A$2:$B$17,2,FALSE) -> 6402511.7 | E3: =D3*B3 -> 2443725.3 | I3: BB_NCIPD | J3: =SUMIF(A:A, I3, E:E) -> 55762253
A4: Serum_Institute | B4: 0.79401392 | C4: DTwP | D4: =VLOOKUP(C4,starting_cap!$A$2:$B$17,2,FALSE) -> 59151603 | E4: =D4*B4 -> 46967197 | I4: Bharat_Biotech | J4: =SUMIF(A:A, I4, E:E) -> 77986389
A5: Biological_E | B5: 0.20598608 | C5: DTwP | D5: =VLOOKUP(C5,starting_cap!$A$2:$B$17,2,FALSE) -> 59151603 | E5: =D5*B5 -> 12184407 | I5: Bilthoven | J5: =SUMIF(A:A, I5, E:E) -> 18909478
A6: Serum_Institute | B6: 1 | C6: DTwP-Hib | D6: =VLOOKUP(C6,starting_cap!$A$2:$B$17,2,FALSE) -> 6311801.7 | E6: =D6*B6 -> 6311801.7 | I6: Biological_E | J6: =SUMIF(A:A, I6, E:E) -> 1.766562e+08
A7: Serum_Institute | B7: 0.52512572 | C7: Hep_B | D7: =VLOOKUP(C7,starting_cap!$A$2:$B$17,2,FALSE) -> 66709613 | E7: =D7*B7 -> 35030934 | I7: China_National | J7: =SUMIF(A:A, I7, E:E) -> 14503588
A8: LG_Chem | B8: 0.47487428 | C8: Hep_B | D8: =VLOOKUP(C8,starting_cap!$A$2:$B$17,2,FALSE) -> 66709613 | E8: =D8*B8 -> 31678679 | I8: GSK | J8: =SUMIF(A:A, I8, E:E) -> 4.1482459e+08
A9: Sanofi | B9: 1 | C9: Hexa | D9: =VLOOKUP(C9,starting_cap!$A$2:$B$17,2,FALSE) -> 302888.82 | E9: =D9*B9 -> 302888.82 | I9: Haffkine_Bio | J9: =SUMIF(A:A, I9, E:E) -> 1.0206173e+08
A10: Merck_Sharp | B10: 0.88757027 | C10: HPV | D10: =VLOOKUP(C10,starting_cap!$A$2:$B$17,2,FALSE) -> 35984586 | E10: =D10*B10 -> 31938849 | I10: LG_Chem | J10: =SUMIF(A:A, I10, E:E) -> 89157748
A11: GSK | B11: 0.075820865 | C11: HPV | D11: =VLOOKUP(C11,starting_cap!$A$2:$B$17,2,FALSE) -> 35984586 | E11: =D11*B11 -> 2728382.4 | I11: Merck_Sharp | J11: =SUMIF(A:A, I11, E:E) -> 31938849
A12: China_National | B12: 0.036608863 | C12: HPV | D12: =VLOOKUP(C12,starting_cap!$A$2:$B$17,2,FALSE) -> 35984586 | E12: =D12*B12 -> 1317354.8 | I12: Panacea_Biotec | J12: =SUMIF(A:A, I12, E:E) -> 15219754
A13: Sanofi | B13: 0.74287578 | C13: IPV | D13: =VLOOKUP(C13,starting_cap!$A$2:$B$17,2,FALSE) -> 1.3654579e+08 | E13: =D13*B13 -> 1.0143656e+08 | I13: Pfizer | J13: =SUMIF(A:A, I13, E:E) -> 1.2743968e+08
... A16: AJ_Vaccines | B16: 0.088632214 | C16: IPV | D16: =VLOOKUP(C16,starting_cap!$A$2:$B$17,2,FALSE) -> 1.3654579e+08 | E16: =D16*B16 -> 12102355 | I16: Serum_Institute | J16: =SUMIF(A:A, I16, E:E) -> 7.5423778e+08
A17: Serum_Institute | B17: 0.84733916 | C17: Measles | D17: =VLOOKUP(C17,starting_cap!$A$2:$B$17,2,FALSE) -> 977251.32 | E17: =D17*B17 -> 828063.31
A18: PT_Bio | B18: 0.15266084 | C18: Measles | D18: =VLOOKUP(C18,starting_cap!$A$2:$B$17,2,FALSE) -> 977251.32 | E18: =D18*B18 -> 149188.01
A19: Serum_Institute | B19: 0.73266544 | C19: MMR | D19: =VLOOKUP(C19,starting_cap!$A$2:$B$17,2,FALSE) -> 3.2132669e+08 | E19: =D19*B19 -> 2.3542496e+08
A20: GSK | B20: 0.26733456 | C20: MMR | D20: =VLOOKUP(C20,starting_cap!$A$2:$B$17,2,FALSE) -> 3.2132669e+08 | E20: =D20*B20 -> 85901728
A21: Serum_Institute | B21: 0.84117844 | C21: MR | D21: =VLOOKUP(C21,starting_cap!$A$2:$B$17,2,FALSE) -> 13328056 | E21: =D21*B21 -> 11211273
A22: Biological_E | B22: 0.15882156 | C22: MR | D22: =VLOOKUP(C22,starting_cap!$A$2:$B$17,2,FALSE) -> 13328056 | E22: =D22*B22 -> 2116782.6
A23: Serum_Institute | B23: 0.39454799 | C23: OPV | D23: =VLOOKUP(C23,starting_cap!$A$2:$B$17,2,FALSE) -> 4.3840296e+08 | E23: =D23*B23 -> 1.7297101e+08
A24: Haffkine_Bio | B24: 0.23280347 | C24: OPV | D24: =VLOOKUP(C24,starting_cap!$A$2:$B$17,2,FALSE) -> 4.3840296e+08 | E24: =D24*B24 -> 1.0206173e+08
A25: Bharat_Biotech | B25: 0.16543993 | C25: OPV | D25: =VLOOKUP(C25,starting_cap!$A$2:$B$17,2,FALSE) -> 4.3840296e+08 | E25: =D25*B25 -> 72529357
A26: GSK | B26: 0.079812538 | C26: OPV | D26: =VLOOKUP(C26,starting_cap!$A$2:$B$17,2,FALSE) -> 4.3840296e+08 | E26: =D26*B26 -> 34990053
A27: Sanofi | B27: 0.064497366 | C27: OPV | D27: =VLOOKUP(C27,starting_cap!$A$2:$B$17,2,FALSE) -> 4.3840296e+08 | E27: =D27*B27 -> 28275836
A28: China_National | B28: 0.030077884 | C28: OPV | D28: =VLOOKUP(C28,starting_cap!$A$2:$B$17,2,FALSE) -> 4.3840296e+08 | E28: =D28*B28 -> 13186233
... A49: PT_Bio | B49: 0.053664189 | C49: TT | D49: =VLOOKUP(C49,starting_cap!$A$2:$B$17,2,FALSE) -> 3172885.9 | E49: =D49*B49 -> 170270.35
