Workbook
Name GAVI_countries: #REF!
Name GAVI_countries: #REF!
Name GAVI_countries: #REF!
Name GAVI_countries: #REF!
Name GAVI_countries: #REF!
Name GAVI_countries: #REF!

Sheet vaccine-producer list
A1: Vaccine | B1: Serum Institute of India Pvt. Ltd. | C1: PT Bio Farma (Persero) | D1: GlaxoSmithKline Biologicals SA | E1: Biological E. Limited | F1: Merck Sharp & Dohme LLC | G1: Sanofi Pasteur | H1: BB- NCIPD Ltd. (Bulgaria) | I1: LG Chem Ltd | J1: Panacea Biotec Ltd. | K1: AJ Vaccines A/S | L1: Bilthoven Biologicals B.V. | M1: Sanofi Healthcare India Private Limited | N1: Beijing Institute of Biological Products Co., Ltd. | O1: Bharat Biotech International Limited | P1: Haffkine Bio Pharmaceutical Corporation Ltd | Q1: Xiamen Innovax Biotech Co. Ltd. | R1: Centro de Ingenieria Genetica y Biotecnologia | S1: Pfizer | T1: Innovative Biotech
A2: Measles | B2: 1 | C2: 1
A3: Measles and Rubella | B3: 1 | E3: 1
A4: Measles, Mumps and Rubella | B4: 1 | D4: 1
A5: Tetanus Toxoid | B5: 1 | C5: 1 | H5: 1
A6: Haemophilus influenzae type b | B6: 1 | G6: 1 | R6: 1
A7: Polio Vaccine - Inactivated (IPV) | I7: 1 | K7: 1 | L7: 1 | M7: 1
A8: Polio Vaccine - Oral (OPV) Bivalent Types 1 and 3 | B8: 1 | C8: 1 | D8: 1 | G8: 1 | J8: 1 | N8: 1 | O8: 1 | P8: 1
A9: Hepatitis B (Pediatric or non-adult specific) | B9: 1 | I9: 1
A10: Tetanus-Diphtheria (Td) | B10: 1 | C10: 1 | H10: 1
A11: Diphtheria-Tetanus (DT) | B11: 1 | C11: 1 | H11: 1
A12: Diphtheria-Tetanus (reduced antigen content) | B12: 1 | C12: 1 | E12: 1 | G12: 1 | H12: 1
A13: Diphtheria-Tetanus-Pertussis (acellular) + (whole cell) | B13: 1 | E13: 1
A14: Diphtheria-Tetanus-Pertussis (whole cell)-Haemophilus influenzae type b | B14: 1
A15: Diphtheria-Tetanus-Pertussis (whole cell)-Hepatitis B-Haemophilus influenzae type b | B15: 1 | C15: 1 | E15: 1 | I15: 1 | J15: 1
A16: Diphtheria-Tetanus-Pertussis (acellular)-Hepatitis B-Haemophilus influenzae type b-Polio (Inactivated) | G16: 1
A17: Human Papillomavirus (Bivalent) + (Quadrivalent) | D17: 1 | F17: 1 | Q17: 1 | T17: 1
A18: Rotavirus | B18: 1 | D18: 1 | O18: 1
A19: Pneumococcal Conjugate vaccine | B19: 1 | D19: 1 | S19: 1

Sheet vaccine-antigen list
A1: Vaccine | B1: Measles | C1: Mumps | D1: Rubella | E1: HPV | F1: Polio | G1: Diptheria | H1: Tetanus | I1: Pertussus | J1: Hib | K1: HepB | L1: Rotavirus | M1: PCV
A2: Measles | B2: 1
A3: Measles and Rubella | B3: 1 | D3: 1
A4: Measles, Mumps and Rubella | B4: 1 | C4: 1 | D4: 1
A5: Tetanus Toxoid | H5: 1
A6: Tetanus-Diphtheria | G6: 1 | H6: 1
A7: Diphtheria-Tetanus | G7: 1 | H7: 1
A8: Diphtheria-Tetanus (reduced antigen content) | G8: 1 | H8: 1
A9: Diphtheria-Tetanus-Pertussis (acellular) + (whole cell) | G9: 1 | H9: 1 | I9: 1
A10: Diphtheria-Tetanus-Pertussis (whole cell)-Haemophilus influenzae type b | G10: 1 | H10: 1 | I10: 1 | J10: 1
A11: Diphtheria-Tetanus-Pertussis (whole cell)-Hepatitis B-Haemophilus influenzae type b | G11: 1 | H11: 1 | I11: 1 | J11: 1 | K11: 1
A12: Diphtheria-Tetanus-Pertussis (acellular)-Hepatitis B-Haemophilus influenzae type b-Polio (Inactivated) | F12: 1 | G12: 1 | H12: 1 | I12: 1 | J12: 1 | K12: 1
A13: Polio Vaccine - Inactivated (IPV) | F13: 1
A14: Polio Vaccine - Oral (OPV) Bivalent Types 1 and 3 | F14: 1
A15: Human Papillomavirus (Bivalent) (Quadrivalent) | E15: 1
A16: Hepatitis B (Pediatric or non-adult specific) | K16: 1
A17: Haemophilus influenzae type b | J17: 1
A18: Rotavirus | L18: 1
A19: Pneumococcal Conjugate vaccine | M19: 1

Sheet total_capacity_calcs
B1: Vaccine | C1: wb_status | D1: 2000 | E1: 2001 | F1: 2002 | G1: 2003 | H1: 2004 | I1: 2005 | J1: 2006 | K1: 2007 | L1: 2008 | M1: 2009 | N1: 2010 | O1: 2011 | P1: 2012 | Q1: 2013 | R1: 2014 | S1: 2015 | T1: 2016 | U1: 2017 | V1: 2018 | W1: 2019 | X1: 2020 | Y1: 2021 | Z1: 2022 | AA1: 2023 | AB1: 2024 | AC1: 2025 | AD1: 2026 | AE1: 2027 | AF1: 2028 | AG1: 2029 | AH1: 2030
B2: BCG | C2: -- | D2: 1042187.6 | E2: 1098514.4 | F2: 1139316.4 | G2: 1056462.3 | H2: 1051701.1 | I2: 1036770.5 | J2: 1028029.1 | K2: 1034736.5 | L2: 829922.19 | M2: 867969.62 | N2: 906053.75 | O2: 953703.5 | P2: 862649.67
B3: BCG | C3: High Income | D3: 2545256.6 | E3: 2559662.2 | F3: 2567818.1 | G3: 3399581.7 | H3: 3266002 | I3: 3223511.3 | J3: 3997948.8 | K3: 4078264.1 | L3: 4184322.8 | M3: 4886389.4 | N3: 5108451.9 | O3: 5663738.8 | P3: 5593898.1 | Q3: 5597533.3 | R3: 18987275 | S3: 15562187 | T3: 18480295 | U3: 5499455.8 | V3: 5364867.6 | W3: 6118707.9 | X3: 5286760.6 | Y3: 5785197.8 | Z3: 4993197.9 | AA3: 5858970.7 | AB3: 5818085.5 | AC3: 17983748 | AD3: 22592241 | AE3: 22444567 | AF3: 27261596 | AG3: 27027895 | AH3: 26819201
B4: BCG | C4: Low Income | D4: 1.5860127e+08 | E4: 1.6317939e+08 | F4: 1.7324226e+08 | G4: 1.7956992e+08 | H4: 1.8284175e+08 | I4: 1.6901377e+08 | J4: 1.700889e+08 | K4: 1.7099241e+08 | L4: 1.7454134e+08 | M4: 1.124793e+08 | N4: 85851850 | O4: 79000882 | P4: 76001633 | Q4: 74802167 | R4: 76940109 | S4: 77059752 | T4: 56233339 | U4: 57316201 | V4: 57753367 | W4: 62882877 | X4: 61763126 | Y4: 53246786 | Z4: 53584035 | AA4: 57329428 | AB4: 57632881 | AC4: 58594379 | AD4: 55244165 | AE4: 52333722 | AF4: 53523179 | AG4: 54783761 | AH4: 56018233
B5: BCG | C5: Lower Middle Income | D5: 58901554 | E5: 73089048 | F5: 67602896 | G5: 73879000 | H5: 98274085 | I5: 1.2093176e+08 | J5: 1.0555346e+08 | K5: 1.077091e+08 | L5: 87513041 | M5: 1.55432e+08 | N5: 1.7861927e+08 | O5: 1.8363475e+08 | P5: 1.6048051e+08 | Q5: 1.576214e+08 | R5: 1.4965217e+08 | S5: 1.4688243e+08 | T5: 1.7674045e+08 | U5: 1.8028509e+08 | V5: 1.8378947e+08 | W5: 1.7947828e+08 | X5: 1.7477241e+08 | Y5: 1.5947614e+08 | Z5: 1.8695217e+08 | AA5: 1.8622383e+08 | AB5: 1.6496186e+08 | AC5: 1.6479985e+08 | AD5: 1.6692721e+08 | AE5: 1.7240711e+08 | AF5: 1.6770392e+08 | AG5: 1.6958938e+08 | AH5: 1.7056571e+08
B6: BCG | C6: Upper Middle Income | D6: 40069259 | E6: 37199082 | F6: 41553820 | G6: 32932249 | H6: 11678133 | I6: 11693811 | J6: 30792555 | K6: 31674944 | L6: 54018151 | M6: 54304173 | N6: 59948778 | O6: 64281097 | P6: 90583182 | Q6: 93769359 | R6: 83737644 | S6: 83038288 | T6: 76793202 | U6: 89165212 | V6: 83714957 | W6: 77594157 | X6: 72034157 | Y6: 86134881 | Z6: 62365638 | AA6: 61872426 | AB6: 86002095 | AC6: 75926566 | AD6: 75865839 | AE6: 76859246 | AF6: 78957461 | AG6: 79477821 | AH6: 79877181
B7: bOPV | C7: High Income | T7: 18545880 | U7: 7903173.2 | V7: 5841854.2 | W7: 8610580.6 | X7: 5286878.2 | Y7: 5217133 | Z7: 4921402.6 | AA7: 5052108.6 | AB7: 4998867.7 | AC7: 43876574 | AD7: 51349717
B8: bOPV | C8: Low Income | T8: 72730018 | U8: 1.0570712e+08 | V8: 1.051229e+08 | W8: 1.1719715e+08 | X8: 1.0988395e+08 | Y8: 1.0245493e+08 | Z8: 1.0451565e+08 | AA8: 1.1158238e+08 | AB8: 1.1227561e+08 | AC8: 1.1406168e+08 | AD8: 1.0751713e+08
B9: bOPV | C9: Lower Middle Income | T9: 2.4814683e+08 | U9: 3.5337387e+08 | V9: 3.5043672e+08 | W9: 3.4662104e+08 | X9: 3.3593955e+08 | Y9: 3.3594803e+08 | Z9: 3.6575567e+08 | AA9: 3.6623113e+08 | AB9: 3.4781636e+08 | AC9: 3.4731021e+08 | AD9: 3.3650907e+08
B10: bOPV | C10: Upper Middle Income | T10: 1.1121093e+08 | U10: 1.7289435e+08 | V10: 1.3716887e+08 | W10: 1.2840844e+08 | X10: 1.2021655e+08 | Y10: 1.1577119e+08 | Z10: 89829782 | AA10: 89069211 | AB10: 1.1323213e+08 | AC10: 79625745 | AD10: 97021995
B11: Covid-19 | C11: High Income | X11: 7999629 | Y11: 2230537402 | Z11: 715448467 | AA11: 6.7224673e+08 | AB11: 6.7392758e+08 | AC11: 1.321223e+09 | AD11: 1.3435292e+09 | AE11: 1.3500028e+09 | AF11: 1.3952377e+09 | AG11: 1.400862e+09 | AH11: 1.4032704e+09
B12: Covid-19 | C12: Low Income | X12: 0 | Y12: 89460329 | Z12: 185668356 | AA12: 38756602 | AB12: 39462261 | AC12: 40346977 | AD12: 39721223 | AE12: 38658305 | AF12: 40005995 | AG12: 41580964 | AH12: 43232783
B13: Covid-19 | C13: Lower Middle Income | X13: 0 | Y13: 2654167495 | Z13: 2145751721 | AA13: 7.8264747e+08 | AB13: 7.5033441e+08 | AC13: 7.5297362e+08 | AD13: 7.5857573e+08 | AE13: 7.6908394e+08 | AF13: 7.6835446e+08 | AG13: 7.7884283e+08 | AH13: 7.8920493e+08
B14: Covid-19 | C14: Upper Middle Income | X14: 5098885 | Y14: 5050596480 | Z14: 1296608309 | AA14: 1.1175877e+09 | AB14: 1.1430276e+09 | AC14: 5.1551474e+08 | AD14: 5.1004924e+08 | AE14: 5.1567869e+08 | AF14: 4.9168109e+08 | AG14: 4.962824e+08 | AH14: 5.0081454e+08
B15: Dengue | C15: Lower Middle Income | T15: 2997892 | U15: 3030877.3
B16: Diphtheria | C16: High Income | D16: 45403.453 | E16: 48815.357 | F16: 51631.175 | G16: 52212.651 | H16: 53024.236 | I16: 55945.586 | J16: 57930.892 | K16: 61982.616 | L16: 64672.091 | M16: 67670.596 | N16: 68592.101 | O16: 69972.99 | P16: 76957.952 | Q16: 90017.238 | R16: 101145.22
B17: DT | C17: -- | D17: 94961.4 | E17: 90582.75 | F17: 92029.83 | G17: 119291.91 | H17: 111120 | I17: 98792.175 | J17: 82772.925 | K17: 96983.893
B18: DT | C18: High Income | D18: 1119051.8 | E18: 1222940.2 | F18: 1203400 | G18: 1217230.5 | H18: 1232734 | I18: 1231197.2 | J18: 1230059.9 | K18: 1219766.4 | L18: 1222583.4 | M18: 1268276 | N18: 1261043.9 | O18: 1265252.7 | P18: 1263631 | Q18: 1231828.8 | R18: 5094081 | S18: 5139940.4 | T18: 5130065 | U18: 1220097.5 | V18: 1223262.6 | W18: 1232125.9 | X18: 1208354 | Y18: 1212068.2 | Z18: 1195551.8 | AA18: 1189483.9 | AB18: 1192320.6 | AC18: 16729064 | AD18: 15711239 | AE18: 13744450 | AF18: 13089724 | AG18: 12920093 | AH18: 12788294
B19: DT | C19: Low Income | D19: 17559921 | E19: 1530590.5 | F19: 1386901.7 | G19: 1320690.4 | H19: 678429.41 | I19: 468765.33 | J19: 473725.65 | K19: 343604.27 | L19: 340659.15 | M19: 359787.73 | N19: 367309.28 | O19: 377112.44 | P19: 390295.27 | Q19: 390036.34 | R19: 428852.85 | S19: 264882.34 | W19: 674796.85 | X19: 4156434.5 | Y19: 4315320.2 | Z19: 4110923.5 | AA19: 4246029.6 | AB19: 4705085.7 | AC19: 4789178.8 | AD19: 718943.29 | AE19: 759633.2 | AF19: 785092.08 | AG19: 821841.37 | AH19: 863986.72
B20: DT | C20: Lower Middle Income | D20: 3364029.3 | E20: 19002103 | F20: 18724673 | G20: 18071980 | H20: 18376274 | I20: 18225152 | J20: 19831936 | K20: 19572618 | L20: 19597297 | M20: 19465616 | N20: 18787990 | O20: 18949188 | P20: 1565811.3 | Q20: 1478823.8 | R20: 1472017.6 | S20: 1622398.4 | T20: 1784486.6 | U20: 2200512.6 | V20: 2217689.2 | W20: 1502990.7 | X20: 906377.51 | Y20: 2089581.7 | Z20: 2331416 | AA20: 2295538.3 | AB20: 1554268.8 | AC20: 1550926 | AD20: 5699436.3 | AE20: 5324019.7 | AF20: 5339861.9 | AG20: 5355310.6 | AH20: 5370201.9
B21: DT | C21: Upper Middle Income | D21: 1130679.7 | E21: 1141336.2 | F21: 1132507 | G21: 1165910.2 | H21: 1156129 | I21: 1164352.2 | J21: 1157269.6 | K21: 1171509.5 | L21: 1522584.7 | M21: 1772267.7 | N21: 2460189.8 | O21: 2698865.2 | P21: 20249975 | Q21: 20803047 | R21: 21468732 | S21: 21404436 | T21: 21433161 | U21: 25055068 | V21: 25107099 | W21: 25126385 | X21: 25114664 | Y21: 23444220 | Z21: 23286004 | AA21: 23891029 | AB21: 22655217 | AC21: 5070868.9 | AD21: 4310614.9 | AE21: 4634200.9 | AF21: 4406115.4 | AG21: 4349721.6 | AH21: 4313357.8
B22: DTaP | C22: -- | D22: 8083.8947 | E22: 7983.4737 | F22: 7977.7895 | G22: 8014.1329 | H22: 8010.675 | I22: 7915.2632 | J22: 7673.6842 | K22: 7588.5474
B23: DTaP | C23: High Income | D23: 10825968 | E23: 11521230 | F23: 11271970 | G23: 14068018 | H23: 11348177 | I23: 11284629 | J23: 11210215 | K23: 11317814 | L23: 11467914 | M23: 11384250 | N23: 11359761 | O23: 11355944 | P23: 6964431.4 | Q23: 7530729 | R23: 7546137.3 | S23: 7669887.5 | T23: 8010425.9 | U23: 7912563.9 | V23: 7582079.2 | W23: 7447860.9 | X23: 7305237.8 | Y23: 7183718.3 | Z23: 7162774.1 | AA23: 7186571.4 | AB23: 7179815 | AC23: 45956969 | AD23: 45554047 | AE23: 45164177 | AF23: 44825038 | AG23: 44551215 | AH23: 44326791
B24: DTaP | C24: Low Income | D24: 41607.368 | E24: 39938.021 | F24: 37677 | G24: 36285.663
B25: DTaP | C25: Lower Middle Income | D25: 3216.8421 | E25: 4331.4779 | F25: 4220.8826 | G25: 4121.8737 | H25: 41648.762 | I25: 41943.776 | J25: 39476.684 | K25: 41243.732 | L25: 40140.863 | M25: 43047.701 | N25: 45402.379 | O25: 46536.082 | P25: 44901.842 | Q25: 47181.512 | R25: 48327.245 | S25: 75591.372 | T25: 26200.221 | U25: 24374.658 | V25: 25532.972 | W25: 25094.192 | X25: 23888.305 | Y25: 22126.295 | Z25: 23119.134 | AA25: 23153.28 | AB25: 23437.405 | AC25: 23890.937 | AD25: 24351.531
B26: DTaP | C26: Upper Middle Income | D26: 2465676.4 | E26: 2832127.2 | F26: 2992012.7 | G26: 49379.684 | H26: 47839.326 | I26: 45676.8 | J26: 43824.505 | K26: 137168.08 | L26: 49309.91 | M26: 49259.314 | N26: 8134.5692 | O26: 8195.5325 | P26: 74019754 | Q26: 74997412 | R26: 73216796 | S26: 71566155 | T26: 70205181 | U26: 71079334 | V26: 63915343 | W26: 57156938 | X26: 51466522 | Y26: 44878448 | Z26: 40973318 | AA26: 39904744 | AB26: 39559369 | AC26: 415706.68 | AD26: 431606.95 | AE26: 459548.38 | AF26: 446100.05 | AG26: 437514.08 | AH26: 430931.21
B27: DTaP-HepB | C27: Lower Middle Income | D27: 9089.3684 | E27: 8715.6316 | F27: 8496.2443 | G27: 9079.9263 | H27: 7227.7895 | I27: 8796.5487 | J27: 6602.4842 | K27: 6929.6141 | L27: 7073.5722 | M27: 8011.65 | N27: 7157.7895 | O27: 7240.7526 | P27: 7066.0526 | Q27: 4075.6905
B28: DTaP-HepB-Hib | C28: High Income | D28: 166958.84 | E28: 165729.92 | X28: 30178.358 | Y28: 28722.505 | Z28: 26301.695 | AA28: 25127.242 | AB28: 24585.347 | AC28: 24138.284 | AD28: 23828.779 | AE28: 23700.6 | AF28: 23759.922 | AG28: 23980.666 | AH28: 24359.106
B29: DTaP-HepB-Hib | C29: Lower Middle Income | W29: 30968.789 | X29: 29065.547 | Y29: 29888.876 | Z29: 29689.843 | AA29: 29609.337 | AB29: 29599.958 | AC29: 29654.121 | AD29: 29663.07
B30: DTaP-HepB-Hib | C30: Upper Middle Income | AE30: 29663.227 | AF30: 29666.353 | AG30: 29665.611 | AH30: 29653.105
B31: DTaP-HepB-Hib-IPV | C31: High Income | D31: 10384358 | E31: 10483052 | F31: 10759557 | G31: 10884669 | H31: 10971477 | I31: 11777902 | J31: 11899978 | K31: 12066440 | L31: 12741743 | M31: 12937984 | N31: 13091003 | O31: 13049889 | P31: 12922980 | Q31: 14708001 | R31: 14748339 | S31: 15106559 | T31: 14872756 | U31: 17180195 | V31: 17503375 | W31: 18417360 | X31: 18044096 | Y31: 20691154 | Z31: 20085170 | AA31: 20961571 | AB31: 20941291 | AC31: 20884037 | AD31: 23015544 | AE31: 22949120 | AF31: 22863374 | AG31: 22780778 | AH31: 22700002
B32: DTaP-HepB-Hib-IPV | C32: Lower Middle Income | D32: 77147.621 | E32: 78898.436 | F32: 77949.259 | S32: 14724.55 | T32: 213958.16 | V32: 896285.53 | W32: 160009.85 | AB32: 278213.57 | AC32: 280005.61 | AD32: 283015.82 | AE32: 286417.42
B33: DTaP-HepB-Hib-IPV | C33: Upper Middle Income | D33: 185887.44 | E33: 177799.52 | F33: 178287.47 | G33: 252247.43 | H33: 252298.51 | I33: 257525.7 | J33: 431009.67 | K33: 891465.99 | L33: 873731.01 | M33: 705871.65 | N33: 508004.28 | O33: 415803.28 | P33: 479914.7 | Q33: 1269962 | R33: 1183118 | S33: 4605731.8 | T33: 9198841.3 | U33: 10381330 | V33: 9706217.5 | W33: 7154165.7 | X33: 9070831.6 | Y33: 11947450 | Z33: 12700792 | AA33: 11877146 | AB33: 11604890 | AC33: 11614621 | AD33: 9393912.3 | AE33: 9380230.2 | AF33: 9661130 | AG33: 9685448.5 | AH33: 9708542.1
B34: DTaP-HepB-IPV | C34: High Income | D34: 2407703.5 | E34: 2450357.3 | F34: 2437018.4 | G34: 2503752.4 | H34: 2507370.8 | I34: 2515769.3 | J34: 2546214.9 | K34: 2580895.8 | L34: 2562868.6 | M34: 2485821.9 | N34: 2449527.1 | O34: 2454264.3 | P34: 2417401.1 | Q34: 2431677 | R34: 2441357 | S34: 2445298.3 | T34: 2439006.4 | U34: 2392607.6 | V34: 2355516.2 | W34: 2317006.7 | X34: 2253566.3 | Y34: 2229094.6 | Z34: 2281604.3 | AA34: 2312483 | AB34: 2326983 | AC34: 2334495.6 | AD34: 2346303.7 | AE34: 2356567.2 | AF34: 2368298.1 | AG34: 2378228.8 | AH34: 2385352
B35: DTaP-HepB-IPV | C35: Lower Middle Income | Q35: 2951.3621 | R35: 7711.3551 | S35: 6483.8105 | T35: 6360.4947 | U35: 6568.8376 | V35: 6541.0676 | W35: 6592.0262 | X35: 6767.9521 | Y35: 6334.8842 | Z35: 6472.9762 | AA35: 6603.1151 | AB35: 6727.6489 | AC35: 6771.0826 | AD35: 6837.5813
B36: DTaP-HepB-IPV | C36: Upper Middle Income | AE36: 6899.4505 | AF36: 6962.2734 | AG36: 6985.8221 | AH36: 6987.9033
B37: DTaP-Hib | C37: High Income | D37: 2124117.9 | E37: 2079776.2 | F37: 2066605.6 | G37: 2556263.6 | H37: 433472.72 | I37: 424260.09 | J37: 110207.11 | K37: 106585 | L37: 102979 | M37: 120355.61 | N37: 119514.77 | O37: 120789.82 | P37: 121734.41 | Q37: 791328.2 | R37: 779124.47 | S37: 866515.26 | T37: 755357.83 | U37: 665387.24 | V37: 677839.5 | W37: 682488.07 | X37: 681634.36 | Y37: 692874.5 | Z37: 685136.08 | AA37: 670789.61 | AB37: 659099.27 | AC37: 3919579.7 | AD37: 3873683.8 | AE37: 3834518.8 | AF37: 3801709.1 | AG37: 3775441.1 | AH37: 3753257.1
B38: DTaP-Hib | C38: Upper Middle Income | D38: 56687.747 | E38: 58370.018 | F38: 59096.088 | G38: 62795.03 | H38: 77079.432 | I38: 75667.958 | J38: 73722.473 | K38: 68607.663 | L38: 67761.45 | M38: 64807.305 | N38: 3506714.7 | O38: 3500885.9 | P38: 60943.305 | Q38: 638003.86 | R38: 627160.36 | S38: 1306608 | T38: 1161672.5 | U38: 1906276.7 | V38: 6114463.9 | W38: 4681815.1 | X38: 4177477.9 | Y38: 3595868.4 | Z38: 3364467 | AA38: 3329664.2 | AB38: 3302080.4
B39: DTaP-Hib-IPV | C39: High Income | D39: 10918706 | E39: 11096836 | F39: 11069755 | G39: 11817034 | H39: 14050497 | I39: 14133436 | J39: 14675710 | K39: 14896974 | L39: 15083190 | M39: 15333262 | N39: 15285142 | O39: 15320404 | P39: 15259188 | Q39: 15259521 | R39: 15009108 | S39: 15033225 | T39: 16180119 | U39: 16216393 | V39: 14677145 | W39: 13719013 | X39: 13029564 | Y39: 10784189 | Z39: 10921290 | AA39: 11058824 | AB39: 11105849 | AC39: 12769336 | AD39: 12841912 | AE39: 13093112 | AF39: 17793069 | AG39: 17761708 | AH39: 17711618
B40: DTaP-Hib-IPV | C40: Lower Middle Income | J40: 458159.49 | K40: 794594.12 | L40: 575027.14 | M40: 488986.45 | N40: 875476.69 | O40: 866095.28 | P40: 441027.39 | Q40: 407293.58 | R40: 307001.84 | S40: 285645.71 | T40: 187528.67 | AB40: 91558.421 | AC40: 91777.185 | AD40: 92382.36 | AE40: 93389.324
B41: DTaP-Hib-IPV | C41: Upper Middle Income | D41: 398155.07 | E41: 401260.44 | F41: 396554.4 | G41: 391773.22 | H41: 389055.41 | I41: 398216.77 | J41: 5242785.3 | K41: 5858319 | L41: 6442761.6 | M41: 7966776.1 | N41: 8400049.5 | O41: 8323932.2 | P41: 23256954 | Q41: 23711466 | R41: 26368077 | S41: 23726350 | T41: 21687016 | U41: 19750409 | V41: 20792686 | W41: 17555235 | X41: 17053743 | Y41: 15374171 | Z41: 14979991 | AA41: 14970043 | AB41: 14850885 | AC41: 13193171 | AD41: 13102008 | AE41: 12807383 | AF41: 8175393.5 | AG41: 8227703.1 | AH41: 8274488.3
B42: DTaP-IPV | C42: High Income | D42: 6904000.6 | E42: 6915986 | F42: 6939544.2 | G42: 7064721.2 | H42: 9831174.5 | I42: 10080677 | J42: 10185456 | K42: 10199136 | L42: 10410236 | M42: 10623708 | N42: 10858299 | O42: 11034656 | P42: 15441979 | Q42: 15284338 | R42: 15296317 | S42: 15144835 | T42: 14824006 | U42: 14458813 | V42: 14096953 | W42: 11990812 | X42: 11699800 | Y42: 11677158 | Z42: 11396664 | AA42: 11478759 | AB42: 11400000 | AC42: 11322970 | AD42: 11375720 | AE42: 11430460 | AF42: 12718398 | AG42: 12724809 | AH42: 12708293
B43: DTaP-IPV | C43: Lower Middle Income | D43: 26206.105 | E43: 24765 | F43: 22718.653 | K43: 66590.589 | L43: 37361.684 | M43: 35099.032
B44: DTaP-IPV | C44: Upper Middle Income | G44: 20834.579 | H44: 19650.547 | I44: 19223.716 | J44: 1339323.4 | K44: 1570745.2 | L44: 1489026.8 | M44: 1370501.8 | N44: 1477766.2 | O44: 1477388.3 | P44: 1536959.5 | Q44: 1557673.4 | R44: 1475548.7 | S44: 1782887.8 | T44: 1682692.9 | U44: 1654234.5 | V44: 1712115.6 | W44: 1733873.9 | X44: 1815043.9 | Y44: 1653618.5 | Z44: 1856924.4 | AA44: 1687287.4 | AB44: 1656393.1 | AC44: 1602407.4 | AD44: 1492630 | AE44: 1412118.9 | AF44: 131460.85 | AG44: 130526.64 | AH44: 129709.7
B45: DTwP | C45: -- | D45: 1135891.6 | E45: 1191405.8 | F45: 1237142.8 | G45: 1166580.7 | H45: 1145574.8 | I45: 1146582.4 | J45: 1120288.7 | K45: 1138715.9 | L45: 913084.91 | M45: 955572.55 | N45: 997336.95 | O45: 1050735.7 | P45: 1075931.4
B46: DTwP | C46: High Income | D46: 166928.13 | E46: 180433.57 | F46: 198035.82 | G46: 74514.309 | H46: 316342.69 | I46: 75436.617 | J46: 664254.95 | K46: 669946.79 | L46: 725544.91 | M46: 874004.71 | N46: 874825.8 | O46: 2530216.8 | P46: 2495078.7 | Q46: 1756900.4 | R46: 7935884 | S46: 8037118.3 | T46: 8820151.4 | U46: 1736291.8 | V46: 1716509.5 | W46: 2504049.9 | X46: 1711881.5 | Y46: 1710829.1 | Z46: 1688733.2 | AA46: 1871386.3 | AB46: 1811397.1 | AC46: 1775394.8 | AD46: 4619767.6 | AE46: 4483829.9 | AF46: 4529688.9 | AG46: 4441449.8 | AH46: 4366498.5
B47: DTwP | C47: Low Income | D47: 2.6975463e+08 | E47: 2.2354762e+08 | F47: 1.9153656e+08 | G47: 1.7465685e+08 | H47: 1.6283034e+08 | I47: 1.4872301e+08 | J47: 1.3922249e+08 | K47: 1.2420992e+08 | L47: 1.2640711e+08 | M47: 4726272 | N47: 5302588 | O47: 2799845 | P47: 2089677 | Q47: 1099248.7 | R47: 1116399.3 | S47: 1057920.2 | T47: 1205402.6 | U47: 1198261.3 | V47: 1203338.8 | W47: 1488312.8 | X47: 990784.97 | Y47: 1000720.2 | Z47: 540136.76 | AA47: 550198.35 | AB47: 868326.13 | AC47: 877675.33 | AD47: 887468.02 | AE47: 892701.99 | AF47: 902401.62 | AG47: 912272 | AH47: 924903.77
B48: DTwP | C48: Lower Middle Income | D48: 41844188 | E48: 91365590 | F48: 83561666 | G48: 88214606 | H48: 98298298 | I48: 1.08315e+08 | J48: 1.0411446e+08 | K48: 1.0359087e+08 | L48: 99538287 | M48: 2.2808726e+08 | N48: 2.3002554e+08 | O48: 2.3015768e+08 | P48: 1.4232815e+08 | Q48: 1.4109257e+08 | R48: 1.3786961e+08 | S48: 90250034 | T48: 63748764 | U48: 65432154 | V48: 65252371 | W48: 64388026 | X48: 60521191 | Y48: 61053431 | Z48: 64873850 | AA48: 65291644 | AB48: 61084402 | AC48: 59641976 | AD48: 57111113 | AE48: 57225194 | AF48: 56990919 | AG48: 56836559 | AH48: 56671594
B49: DTwP | C49: Upper Middle Income | D49: 20648663 | E49: 16715425 | F49: 18732446 | G49: 12840644 | H49: 6570162.4 | I49: 6497253.5 | J49: 10537936 | K49: 10860327 | L49: 16043964 | M49: 16533687 | N49: 19072064 | O49: 24385754 | P49: 27323058 | Q49: 26953046 | R49: 23899214 | S49: 20237785 | T49: 19515648 | U49: 24617885 | V49: 25422202 | W49: 24692459 | X49: 24866432 | Y49: 24537004 | Z49: 21247730 | AA49: 21248951 | AB49: 25695447 | AC49: 27410723 | AD49: 27474520 | AE49: 28064354 | AF49: 28144884 | AG49: 28359108 | AH49: 28451377
B50: DTwP-HepB | C50: High Income | D50: 22643.905 | E50: 22376.526 | R50: 2048028.7 | S50: 2078817.2 | T50: 2061066.8
B51: DTwP-HepB | C51: Low Income | D51: 4022337.4 | E51: 9132803 | F51: 32774906 | G51: 59966730 | H51: 74805232 | I51: 72923950 | J51: 79632873 | K51: 79699130 | L51: 74627086 | M51: 27533932 | N51: 4311581.6 | O51: 4075044.5
B52: DTwP-HepB | C52: Lower Middle Income | D52: 23024915 | E52: 21135404 | F52: 20282204 | G52: 18717847 | H52: 19067877 | I52: 39316459 | J52: 38266526 | K52: 39001298 | L52: 38257392 | M52: 35187107 | N52: 49160759 | O52: 47687538 | P52: 42390888 | Q52: 32664573 | R52: 9459058.5
B53: DTwP-HepB | C53: Upper Middle Income | D53: 2862519.8 | E53: 2711290.4 | F53: 912646.19 | G53: 648955.78 | H53: 776277.48 | I53: 796534.68 | J53: 2388438.8 | K53: 2462037 | L53: 2169870 | M53: 2227907.8 | N53: 2049142.4 | O53: 1859034.6 | P53: 5047852.4 | Q53: 5003952 | R53: 2875179 | S53: 2791469.6 | T53: 2800508.9 | U53: 4657854.2 | V53: 4328466 | W53: 1666132.4 | X53: 1560000 | Y53: 1512580.3 | Z53: 1500336.7 | AA53: 1500421.8 | AB53: 1478499.9 | AC53: 1452492.8 | AD53: 1427809.9 | AE53: 1407661.1 | AF53: 1393783.2 | AG53: 1381366.6 | AH53: 1371371.7
B54: DTwP-HepB-Hib | C54: High Income | D54: 1290978.6 | E54: 1322687.5 | F54: 1122368 | G54: 1130198.8 | H54: 1152884.8 | I54: 405039.2 | J54: 2174130.1 | K54: 2317721.2 | L54: 2462674.6 | M54: 2714188.5 | N54: 2790246.3 | O54: 2816604 | P54: 2875364.1 | Q54: 3021366 | R54: 4161953.3 | S54: 3879959.7 | T54: 9871550.5 | U54: 3661007 | V54: 3705073.1 | W54: 3183172.6 | X54: 711840.32 | Y54: 674901.64 | Z54: 655334.36 | AA54: 644543.48 | AB54: 637574.46 | AC54: 702947.55 | AD54: 4452550.6 | AE54: 4371579.7 | AF54: 4675828.8 | AG54: 4623481.9 | AH54: 4588112.8
B55: DTwP-HepB-Hib | C55: Low Income | D55: 1268703 | E55: 4305415.7 | F55: 12713494 | G55: 13209616 | H55: 14428616 | I55: 20795854 | J55: 23601783 | K55: 32989731 | L55: 47402129 | M55: 94686290 | N55: 86371467 | O55: 79360205 | P55: 78464864 | Q55: 79671724 | R55: 83288701 | S55: 82852505 | T55: 66992001 | U55: 69306694 | V55: 70472115 | W55: 76836516 | X55: 72833944 | Y55: 65525121 | Z55: 67056769 | AA55: 71525747 | AB55: 71197101 | AC55: 72182552 | AD55: 67897098 | AE55: 63701819 | AF55: 65137551 | AG55: 66756003 | AH55: 68258991
B56: DTwP-HepB-Hib | C56: Lower Middle Income | D56: 4329681.2 | E56: 7015866.3 | F56: 9028693.1 | G56: 10144469 | H56: 19885297 | I56: 23596036 | J56: 25566672 | K56: 28370794 | L56: 20860421 | M56: 27191373 | N56: 37361829 | O56: 50484937 | P56: 64341882 | Q56: 71556824 | R56: 92204378 | S56: 1.5128082e+08 | T56: 1.9428433e+08 | U56: 1.9745086e+08 | V56: 2.0496682e+08 | W56: 2.0332514e+08 | X56: 1.9618265e+08 | Y56: 1.8725689e+08 | Z56: 2.0912663e+08 | AA56: 2.092424e+08 | AB56: 1.9665218e+08 | AC56: 1.9594688e+08 | AD56: 1.9590304e+08 | AE56: 2.0313958e+08 | AF56: 1.99243e+08 | AG56: 2.0087072e+08 | AH56: 2.0231063e+08
B57: DTwP-HepB-Hib | C57: Upper Middle Income | D57: 16738701 | E57: 16473050 | F57: 17987813 | G57: 18231747 | H57: 8745612.4 | I57: 9721598.9 | J57: 7139206.4 | K57: 6963619.3 | L57: 17240283 | M57: 18424293 | N57: 24045408 | O57: 24621250 | P57: 26077638 | Q57: 28106554 | R57: 29548520 | S57: 34832538 | T57: 27095087 | U57: 31581673 | V57: 28917855 | W57: 31007841 | X57: 33254449 | Y57: 44477781 | Z57: 26606248 | AA57: 26567262 | AB57: 43705954 | AC57: 47711324 | AD57: 53236248 | AE57: 54840875 | AF57: 60602749 | AG57: 61074884 | AH57: 61534345
B58: DTwP-Hib | C58: High Income | D58: 1091162 | E58: 1208609.5 | F58: 1235044.7 | G58: 284564.18 | H58: 299976.34 | I58: 315371.65 | J58: 894265.03 | K58: 940430.4 | L58: 1036027.9 | M58: 1102488.3 | N58: 1141386.7 | O58: 1174551 | P58: 1170892.7 | Q58: 511523.92 | R58: 507083.86 | S58: 5900.6875 | T58: 6043.2925 | U58: 5756.325 | V58: 5302.125 | W58: 99428.2 | X58: 97881.4 | Y58: 96554.05 | Z58: 4420.4775 | AA58: 98625.58 | AB58: 98355.665 | AC58: 98561.235 | AD58: 98788.277 | AE58: 98931.655 | AF58: 99072.293 | AG58: 99145.485 | AH58: 99151.44
B59: DTwP-Hib | C59: Low Income | H59: 1556935 | W59: 2577182.4 | X59: 2545600.6 | Y59: 3007587.1 | Z59: 3039919.6 | AA59: 3128143.7 | AB59: 3222722.9 | AC59: 3317314 | AD59: 3413368.9 | AE59: 3509043.3 | AF59: 3602125.6 | AG59: 3694964.4 | AH59: 3781590.9
B60: DTwP-Hib | C60: Lower Middle Income | D60: 4569986.5 | E60: 2613786 | F60: 2314794.7 | G60: 4993056.6 | H60: 5174614.6 | I60: 5829500.6 | J60: 2388879.2 | K60: 2682334 | L60: 5503855 | M60: 6149962.6 | N60: 2755123.1 | O60: 3016433.5 | P60: 2770511.6 | Q60: 2616817.9 | Y60: 2818989.8 | Z60: 2776716.8 | AA60: 2726441.2 | AB60: 2674099.1 | AC60: 2608856.6 | AD60: 2540714 | AE60: 2482740.1 | AF60: 2432924 | AG60: 2391715.8 | AH60: 2364272.5
B61: DTwP-Hib | C61: Upper Middle Income | D61: 10886416 | E61: 13862024 | F61: 16094027 | G61: 13436314 | H61: 13800675 | I61: 13334452 | J61: 16274896 | K61: 15939470 | L61: 16966727 | M61: 14712771 | N61: 13193735 | O61: 13698900 | P61: 4476396.1 | Q61: 3725379.6 | R61: 5961284.1 | S61: 6015207.1 | T61: 4037247.7 | U61: 4205799.1 | V61: 3065839.8 | W61: 2931975.3 | X61: 2882322.2 | Z61: 93292.863
B62: HepA | C62: High Income | D62: 7371133 | E62: 7545713.4 | F62: 13884970 | G62: 16058108 | H62: 16306321 | I62: 16360449 | J62: 16404946 | K62: 16820161 | L62: 18486314 | M62: 18657892 | N62: 18886323 | O62: 18838791 | P62: 18723323 | Q62: 18684435 | R62: 18949975 | S62: 19836837 | T62: 20605569 | U62: 19744785 | V62: 19780017 | W62: 20383995 | X62: 19617900 | Y62: 19342154 | Z62: 19214078 | AA62: 19552842 | AB62: 19561504 | AC62: 41717720 | AD62: 41652936 | AE62: 41349567 | AF62: 43424406 | AG62: 43010998 | AH62: 42709218
B63: HepA | C63: Lower Middle Income | K63: 32578087 | L63: 34704421 | M63: 36316013 | N63: 37006436 | O63: 37057848 | Q63: 136006.25 | R63: 146845.95 | S63: 262336.16 | T63: 26711.554 | U63: 218793.49 | V63: 434112.17 | W63: 400028.24 | X63: 755387.7 | Y63: 785739.99 | Z63: 774968.55 | AA63: 770200.58 | AB63: 623461.04 | AC63: 615718.71 | AD63: 608897.1 | AE63: 602280.59 | AF63: 596041.01 | AG63: 590604.13 | AH63: 585519.7
B64: HepA | C64: Upper Middle Income | D64: 256940.75 | E64: 248052.88 | F64: 241867 | G64: 242851.72 | H64: 233639.47 | I64: 792793.56 | J64: 1112977.7 | K64: 1065848.5 | L64: 1200188 | M64: 1853920.1 | N64: 1915408.8 | O64: 1949894.6 | P64: 41045856 | Q64: 45936032 | R64: 48437874 | S64: 48647291 | T64: 47344658 | U64: 46784165 | V64: 48615417 | W64: 43967582 | X64: 40465301 | Y64: 36887216 | Z64: 33043395 | AA64: 31335789 | AB64: 31187218 | AC64: 8967169.3 | AD64: 8919417.6 | AE64: 8889637.2 | AF64: 6385199.5 | AG64: 6382045.7 | AH64: 6391844.9
B65: HepB | C65: -- | D65: 316080.72 | E65: 333868.5 | F65: 349569.27 | G65: 357221.52 | H65: 337249.19 | I65: 332197.87 | J65: 309926.88 | K65: 313561.88
B66: HepB | C66: High Income | D66: 26229174 | E66: 26388367 | F66: 26252074 | G66: 28630639 | H66: 28986367 | I66: 29128820 | J66: 29934823 | K66: 30345115 | L66: 31324246 | M66: 31798341 | N66: 31968836 | O66: 33208899 | P66: 32903960 | Q66: 32754655 | R66: 39465071 | S66: 39112220 | T66: 40946616 | U66: 35275633 | V66: 34359159 | W66: 34785554 | X66: 34173157 | Y66: 33984879 | Z66: 34115329 | AA66: 34736615 | AB66: 34770268 | AC66: 67684317 | AD66: 69430333 | AE66: 69175097 | AF66: 72217686 | AG66: 71616853 | AH66: 71135570
B67: HepB | C67: Low Income | D67: 4331476.1 | E67: 6232568.6 | F67: 7573656.9 | G67: 8589234.5 | H67: 8337475.9 | I67: 5921398.1 | J67: 7214281.6 | K67: 7538299.5 | L67: 26377575 | M67: 9809642.4 | N67: 3487804.8 | O67: 1299037.6 | P67: 1181339 | Q67: 1318899.3 | R67: 2110042.1 | S67: 2295045.4 | T67: 2030761.8 | U67: 2451159.5 | V67: 2498551.1 | W67: 3063973 | X67: 2971735.8 | Y67: 2464479.4 | Z67: 3343214 | AA67: 7632520.8 | AB67: 8361209.6 | AC67: 8058386.7 | AD67: 8258917.1 | AE67: 8449841.9 | AF67: 8610263.4 | AG67: 8770774.6 | AH67: 8918362.8
B68: HepB | C68: Lower Middle Income | D68: 16557281 | E68: 17213520 | F68: 60179506 | G68: 66234092 | H68: 73818949 | I68: 79797021 | J68: 76678121 | K68: 78350244 | L68: 76448047 | M68: 1.0530429e+08 | N68: 1.07385e+08 | O68: 1.5595153e+08 | P68: 1.2242813e+08 | Q68: 1.2180132e+08 | R68: 1.1759314e+08 | S68: 70158224 | T68: 47608205 | U68: 49612878 | V68: 54400359 | W68: 56833893 | X68: 57301981 | Y68: 57038073 | Z68: 63481542 | AA68: 63317108 | AB68: 58484918 | AC68: 57987736 | AD68: 56088061 | AE68: 56731242 | AF68: 55209697 | AG68: 55817447 | AH68: 56037443
B69: HepB | C69: Upper Middle Income | D69: 19466421 | E69: 21187876 | F69: 24633406 | G69: 17191485 | H69: 13340894 | I69: 13279936 | J69: 22894757 | K69: 23658850 | L69: 28205205 | M69: 28164389 | N69: 32125330 | O69: 36499161 | P69: 96866253 | Q69: 97630579 | R69: 95604781 | S69: 88819304 | T69: 84310756 | U69: 91811483 | V69: 84584493 | W69: 76222381 | X69: 69089015 | Y69: 60248340 | Z69: 52391546 | AA69: 52753047 | AB69: 58435166 | AC69: 26698101 | AD69: 27317646 | AE69: 27166405 | AF69: 25790267 | AG69: 25966474 | AH69: 26078721
B70: Hib | C70: -- | D70: 183716.91 | E70: 193291.81 | F70: 204796.35 | G70: 266574.75 | H70: 239280.74 | I70: 225097.71 | J70: 196298.53 | K70: 206140.07
B71: Hib | C71: High Income | D71: 4969761.1 | E71: 5592342.5 | F71: 5432320.6 | G71: 7372256.4 | H71: 7363063.3 | I71: 7136710.6 | J71: 7103388.1 | K71: 7191033 | L71: 7224842.3 | M71: 7191686.4 | N71: 7156901.8 | O71: 8675697.1 | P71: 8469448 | Q71: 8202562 | R71: 8086016.2 | S71: 15834751 | T71: 15809590 | U71: 7747954.1 | V71: 7585661.7 | W71: 7297991.5 | X71: 7067369.6 | Y71: 6995860.4 | Z71: 7100127.3 | AA71: 7253185.1 | AB71: 7264196.2 | AC71: 13730000 | AD71: 13602762 | AE71: 13513494 | AF71: 13427060 | AG71: 13357350 | AH71: 13285092
B72: Hib | C72: Low Income | E72: 396598.78 | F72: 370781.45 | G72: 377404.37
B73: Hib | C73: Lower Middle Income | D73: 804259.79 | E73: 417810.79 | F73: 420500.28 | G73: 368275.5 | H73: 797608.28 | I73: 793505.36 | J73: 807322.46 | K73: 15497985 | L73: 23015254 | M73: 29554013 | N73: 28143333 | O73: 27963364 | P73: 287270.78 | Q73: 295912.23 | R73: 313516.51 | S73: 300997.52 | T73: 430151.71 | U73: 1240330.4 | V73: 1797781.7 | W73: 1041960.4 | X73: 903155.61 | Y73: 927637.83 | Z73: 777066.98 | AA73: 630153.09 | AB73: 3543.6963 | AC73: 3783.6458 | AD73: 4031.9913
B74: Hib | C74: Upper Middle Income | D74: 2541816.9 | E74: 3311443.3 | F74: 3719019.8 | G74: 1457279 | H74: 1446099.5 | I74: 1388137.3 | J74: 1623501.9 | K74: 1640629.7 | L74: 1937328.9 | M74: 2051241.2 | N74: 2256694.6 | O74: 570081.77 | P74: 40847249 | Q74: 38974384 | R74: 29887567 | S74: 20837704 | T74: 18916381 | U74: 24228546 | V74: 18905383 | W74: 16862694 | X74: 15503254 | Y74: 14140472 | Z74: 13620855 | AA74: 13543334 | AB74: 14047666 | AC74: 7395309.1 | AD74: 7344315.1 | AE74: 7295780.1 | AF74: 7260498 | AG74: 7230088.8 | AH74: 7212690.2
B75: Hib-MenAC | C75: High Income | AC75: 3297622 | AD75: 3264309.8 | AE75: 3225860.8 | AF75: 3193876.1 | AG75: 3165801.8 | AH75: 3143161.6
B76: Hib-MenAC | C76: Upper Middle Income | R76: 5794352.5 | S76: 5717947.2 | T76: 5596995.6 | U76: 5534706.9 | V76: 5726849 | W76: 5261600.1 | X76: 4675967.7 | Y76: 4172681.8 | Z76: 3591155.5 | AA76: 3359748.1 | AB76: 3325081.3
B77: Hib-MenC | C77: High Income | D77: 561124.8 | E77: 532591.24 | F77: 521294.17 | G77: 543391.7 | H77: 543596.4 | I77: 556076.23 | J77: 566978.11 | K77: 570189.21 | L77: 602608.79 | M77: 658973.58 | N77: 941084.37 | O77: 1022305.1 | P77: 1041747.6 | Q77: 1059806.2 | R77: 1058648.7 | S77: 1047754.5 | T77: 1050083.1 | U77: 1100255.8 | V77: 1083750.1 | W77: 744753.42 | X77: 721917.85 | Y77: 695526.95 | Z77: 687946.71 | AA77: 694703.89 | AB77: 702025.28 | AC77: 700484.25 | AD77: 698994.13 | AE77: 698015.68 | AF77: 697165.07 | AG77: 695231.84 | AH77: 694846.97
B78: HPV | C78: High Income | J78: 446557.89 | K78: 4296645.8 | L78: 8653848.9 | M78: 9472964.3 | N78: 9969764.6 | O78: 11421421 | P78: 14807000 | Q78: 15355542 | R78: 15629578 | S78: 14768211 | T78: 15882487 | U78: 15872935 | V78: 12754483 | W78: 14658508 | X78: 14391995 | Y78: 15591237 | Z78: 16348175 | AA78: 15564932 | AB78: 15660219 | AC78: 28554096 | AD78: 33718494 | AE78: 32942413 | AF78: 34755971 | AG78: 33157159 | AH78: 31169165
B79: HPV | C79: Low Income | R79: 139870.96 | S79: 377461.87 | T79: 634814.46 | U79: 1033940.1 | V79: 5003730.1 | W79: 5393319.7 | X79: 5003570.8 | Y79: 8445039.9 | Z79: 8068490.5 | AA79: 8697354 | AB79: 8639302 | AC79: 8865939.6 | AD79: 13281006 | AE79: 15657631 | AF79: 14215990 | AG79: 7927817.9 | AH79: 9024207.2
B80: HPV | C80: Lower Middle Income | L80: 9436.6316 | M80: 15032.895 | N80: 7007.8355 | O80: 15317.591 | P80: 60837.39 | Q80: 181340.94 | R80: 210053.61 | S80: 137191.65 | T80: 910842.81 | U80: 1453860.8 | V80: 1955986.6 | W80: 4882640.8 | X80: 7008411.1 | Y80: 10543170 | Z80: 10711344 | AA80: 18762623 | AB80: 64210185 | AC80: 83804666 | AD80: 51422768 | AE80: 26579344 | AF80: 28152444 | AG80: 25802649 | AH80: 26014338
B81: HPV | C81: Upper Middle Income | L81: 17468.64 | M81: 269662.29 | N81: 861907.65 | O81: 1530496.2 | P81: 3653356 | Q81: 4548949.1 | R81: 8128504.2 | S81: 9860624.7 | T81: 9083598.1 | U81: 12091057 | V81: 12235509 | W81: 11498980 | X81: 14555428 | Y81: 14992958 | Z81: 14515698 | AA81: 15274861 | AB81: 19450739 | AC81: 20205254 | AD81: 24108467 | AE81: 21060275 | AF81: 21621711 | AG81: 21528956 | AH81: 21218835
B82: IPV | C82: High Income | D82: 55518.379 | E82: 56910.606 | F82: 57783.396 | G82: 395332.39 | H82: 506468.16 | I82: 495253.11 | J82: 509710.24 | K82: 524309.72 | L82: 543013.25 | M82: 562661.59 | N82: 776791.38 | O82: 813972.64 | P82: 791760.33 | Q82: 800477.02 | R82: 4887115.9 | S82: 4838427.3 | T82: 7111810.1 | U82: 1139786.4 | V82: 1031556.9 | W82: 3444169 | X82: 1017643.2 | Y82: 1226599.2 | Z82: 1324225.6 | AA82: 1312382.8 | AB82: 1294762 | AC82: 23117258 | AD82: 25089409 | AE82: 24819659 | AF82: 24831661 | AG82: 24640746 | AH82: 24485113
B83: IPV | C83: Low Income | R83: 182557.13 | S83: 5620506 | T83: 11783969 | U83: 13589576 | V83: 17163411 | W83: 30497092 | X83: 28965671 | Y83: 21892027 | Z83: 35370386 | AA83: 43383048 | AB83: 44168093 | AC83: 44456828 | AD83: 42173052 | AE83: 39813929 | AF83: 40842161 | AG83: 41967859 | AH83: 42986086
B84: IPV | C84: Lower Middle Income | J84: 538568.8 | K84: 572237.68 | L84: 1564054.1 | M84: 1802422.6 | N84: 1596326.4 | O84: 1432203.2 | P84: 1193206.4 | Q84: 1051750 | R84: 655606.6 | S84: 8514221.2 | T84: 33776311 | U84: 38078979 | V84: 47893109 | W84: 51577087 | X84: 50891907 | Y84: 61887020 | Z84: 76540581 | AA84: 87435210 | AB84: 86151312 | AC84: 85634775 | AD84: 86020717 | AE84: 90723780 | AF84: 87674087 | AG84: 88839419 | AH84: 89969890
B85: IPV | C85: Upper Middle Income | D85: 105222.16 | E85: 105085.38 | F85: 106146.59 | G85: 104415.9 | H85: 105743.28 | I85: 102945.35 | J85: 97843 | K85: 94981.389 | L85: 3161613.6 | M85: 4258341.1 | N85: 3868170.3 | O85: 3992841.5 | P85: 9214307.7 | Q85: 11307389 | R85: 9527038.9 | S85: 28504386 | T85: 33372505 | U85: 40238752 | V85: 37634609 | W85: 36346521 | X85: 49096057 | Y85: 50672488 | Z85: 43786714 | AA85: 44048835 | AB85: 52421960 | AC85: 34387698 | AD85: 37520796 | AE85: 37932097 | AF85: 42482033 | AG85: 42788148 | AH85: 43092808
B86: JE | C86: High Income | D86: 3590994.2 | E86: 3674480.2 | F86: 3629796.2 | G86: 6746545.4 | H86: 6772647.1 | I86: 6640265.9 | J86: 6458114.8 | K86: 6292860.9 | L86: 6155760.4 | M86: 6071956.7 | N86: 6041098.7 | O86: 6016512.5 | P86: 5982624.6 | Q86: 5804832.9 | R86: 5827429.5 | S86: 5641743.2 | T86: 5586289.3 | U86: 5535339.7 | V86: 5381773.7 | W86: 5172765 | X86: 5042284.2 | Y86: 4830577.6 | Z86: 4712713.7 | AA86: 4672687.8 | AB86: 4596422.2 | AC86: 26502606 | AD86: 27173590 | AE86: 26907561 | AF86: 26642509 | AG86: 26409412 | AH86: 26223826
B87: JE | C87: Low Income | D87: 33075890 | J87: 10831104 | K87: 14480308 | L87: 15950536 | M87: 431241.69 | N87: 396213.94 | O87: 400525.82 | P87: 387669.79 | Q87: 398330.28 | R87: 397084.51 | S87: 384054.45 | T87: 14806395 | U87: 659696.91 | V87: 630157.31 | W87: 634033.91 | X87: 600649.02
B88: JE | C88: Lower Middle Income | E88: 32257173 | F88: 31243423 | G88: 30175207 | H88: 29127338 | I88: 28002579 | J88: 27137676 | K88: 26672576 | L88: 34086827 | M88: 55535781 | N88: 59896679 | O88: 57112131 | P88: 19527092 | Q88: 23192963 | R88: 24426281 | S88: 27287406 | T88: 38271713 | U88: 55690775 | V88: 41640481 | W88: 46566633 | X88: 42238537 | Y88: 41808660 | Z88: 52213127 | AA88: 42543994 | AB88: 42706383 | AC88: 63597569 | AD88: 40711273 | AE88: 40812996 | AF88: 38756276 | AG88: 39099694 | AH88: 38913109
B89: JE | C89: Upper Middle Income | D89: 1394824.3 | E89: 2585231.7 | F89: 3472336.2 | P89: 37789326 | Q89: 37947814 | R89: 39881296 | S89: 39815869 | T89: 40362340 | U89: 40329119 | V89: 38392797 | W89: 36787278 | X89: 34079637 | Y89: 29879068 | Z89: 27359730 | AA89: 25296329 | AB89: 24495184 | AC89: 7008198.7 | AD89: 6003831.4 | AE89: 6332230.6 | AF89: 8268308 | AG89: 8294942.8 | AH89: 8318128.3
B90: Measles | C90: -- | D90: 325963.7 | E90: 337312.59 | F90: 346581.58 | G90: 320118.86 | H90: 321394.83 | I90: 322705.45 | J90: 323674.31 | K90: 329833.59 | L90: 344012.94 | M90: 359926.22 | N90: 375681.77 | O90: 395653.83 | P90: 398956.74
B91: Measles | C91: High Income | J91: 562295 | K91: 601719.39 | L91: 625670.5 | M91: 833880.02 | N91: 684114.95 | O91: 696266.8 | P91: 892936.03 | Q91: 705536.03 | R91: 704388.13 | S91: 695782.9 | T91: 890776.1 | U91: 640773.73 | V91: 670467.97 | W91: 652126 | X91: 661870.07 | Y91: 657848.21 | Z91: 638321.45 | AA91: 627877.75 | AB91: 620308.02 | AC91: 613473.81 | AD91: 606713.87 | AE91: 602194.53 | AF91: 598622.17 | AG91: 595441.81 | AH91: 593298.19
B92: Measles | C92: Low Income | D92: 63561708 | E92: 65863053 | F92: 66234990 | G92: 70545808 | H92: 74569463 | I92: 72218159 | J92: 75752536 | K92: 75573263 | L92: 99140522 | M92: 58385337 | N92: 46905841 | O92: 37625576 | P92: 38086071 | Q92: 38514086 | R92: 34224621 | S92: 59441116 | T92: 76295810 | U92: 51515829 | V92: 36648359 | W92: 50476128 | X92: 43812591 | Y92: 29085303 | Z92: 55790517 | AA92: 71801072 | AB92: 32068651 | AC92: 48376248 | AD92: 11006235 | AE92: 5751303.3 | AF92: 829582.93 | AG92: 854456.6 | AH92: 882693.02
B93: Measles | C93: Lower Middle Income | D93: 15018551 | E93: 15818268 | F93: 13031763 | G93: 16078057 | H93: 11582616 | I93: 17930764 | J93: 15664409 | K93: 19852279 | L93: 21254444 | M93: 51794489 | N93: 77873446 | O93: 1.0878593e+08 | P93: 87849290 | Q93: 1.088964e+08 | R93: 91757360 | S93: 1.5358586e+08 | T93: 1.2083923e+08 | U93: 1.425375e+08 | V93: 1.1556112e+08 | W93: 70545562 | X93: 34562151 | Y93: 33680396 | Z93: 48814950 | AA93: 18409145 | AB93: 37130706 | AC93: 37845518 | AD93: 9937258.7 | AE93: 6686267 | AF93: 70126.467 | AG93: 69021.517 | AH93: 68866.2
B94: Measles | C94: Upper Middle Income | D94: 2008557.9 | E94: 2183673.2 | F94: 4397460.5 | G94: 735387.06 | H94: 742574.3 | I94: 744802.72 | J94: 1811085.4 | K94: 1995710.9 | L94: 2031051.2 | M94: 2243097.4 | N94: 4440585.4 | O94: 4625763.4 | P94: 5134087.3 | Q94: 6297682 | R94: 7953634 | S94: 10306021 | T94: 8638185.6 | U94: 11710584 | V94: 4080170 | W94: 6375677.2 | X94: 4484053.2 | Y94: 10222644 | Z94: 6104607.3 | AA94: 4705717.5 | AB94: 4469390.8 | AC94: 13908265 | AD94: 6883394 | AE94: 6767920.4 | AF94: 10915801 | AG94: 15041022 | AH94: 9727462.9
B95: MenA | C95: -- | X95: 500000 | Y95: 500000 | Z95: 500000 | AA95: 500000 | AB95: 500000 | AC95: 500000 | AD95: 500000 | AE95: 500000 | AF95: 500000 | AG95: 500000 | AH95: 500000
B96: MenA | C96: Low Income | N96: 17696391 | O96: 17721468 | P96: 8703411.1 | Q96: 26868698 | R96: 28597586 | S96: 29271308 | T96: 17003416 | U96: 34173432 | V96: 16035782 | W96: 13212897 | X96: 4524175.2 | Y96: 9417144.9 | Z96: 32523385 | AA96: 12049153 | AB96: 15734434 | AC96: 16705979 | AD96: 15233960 | AE96: 14095697 | AF96: 14966724 | AG96: 15964292 | AH96: 16995033
B97: MenA | C97: Lower Middle Income | O97: 22294488 | P97: 57843250 | Q97: 35462151 | R97: 29298551 | S97: 9592523.6 | T97: 4900303.8 | U97: 5910871.7 | V97: 4545528 | W97: 41444863 | X97: 12760672 | Y97: 9193454.5 | Z97: 15718123 | AA97: 12544164 | AB97: 14335308 | AC97: 15396920 | AD97: 18304087 | AE97: 20993780 | AF97: 21572972 | AG97: 22073224 | AH97: 22529845
B98: MenA Ps | C98: High Income | AC98: 12177298 | AD98: 12033614 | AE98: 11914032 | AF98: 11809033 | AG98: 11724329 | AH98: 11652764
B99: MenA Ps | C99: Lower Middle Income | L99: 19724255 | M99: 20802362 | N99: 20749789 | O99: 20597672
B100: MenA Ps | C100: Upper Middle Income | P100: 21524124 | Q100: 21681134 | R100: 21337789 | S100: 20884057 | T100: 20649843 | U100: 21351206 | V100: 19629811 | W100: 17442056 | X100: 15563153 | Y100: 13396373 | Z100: 12534289 | AA100: 12404631 | AB100: 12301868
...

Sheet Medium_Demand_calc
B1: 1 | C1: 2 | D1: 3 | E1: 4 | F1: 5 | G1: 6 | H1: 7 | I1: 8 | J1: 9 | K1: 10
A2: M | B2: 14777182 | C2: 37949221 | D2: 17547796 | E2: 21303105 | F2: 22347713 | G2: 20946970 | H2: 19884769 | I2: 20824130 | J2: 21884645 | K2: 22913489
A3: MR | B3: 3.3127915e+08 | C3: 2.2738502e+08 | D3: 2.7883599e+08 | E3: 2.516257e+08 | F3: 2.6781107e+08 | G3: 3.7033728e+08 | H3: 2.4042417e+08 | I3: 3.7678179e+08 | J3: 2.7887392e+08 | K3: 3.1287896e+08
A4: MMR | B4: 26052156 | C4: 26626399 | D4: 25785425 | E4: 25268101 | F4: 23536241 | G4: 16205416 | H4: 18650430 | I4: 8909629.5 | J4: 10718460 | K4: 12977659
A5: TT | B5: 7180030.7 | C5: 6811039.8 | D5: 6823077.8 | E5: 6836161.8 | F5: 2892677.8 | G5: 2936861.2 | H5: 2979573.4 | I5: 3019022.7 | J5: 3057248.7 | K5: 3089470.2
A6: Td | B6: 2.4348251e+08 | C6: 2.6568355e+08 | D6: 2.6744926e+08 | E6: 2.5226051e+08 | F6: 2.5478484e+08 | G6: 2.5264906e+08 | H6: 2.5576357e+08 | I6: 2.5352024e+08 | J6: 2.5706799e+08 | K6: 2.5961279e+08
A7: DT | B7: 6404902 | C7: 6442339.5 | D7: 6541567.8 | E7: 6259354.5 | F7: 6340104.9 | G7: 6418379.6 | H7: 6083652.9 | I7: 6124954 | J7: 6177152 | K7: 6234188.6
A8: DTwP | B8: 62054152 | C8: 65413987 | D8: 65841842 | E8: 61952728 | F8: 60519652 | G8: 57998581 | H8: 58117896 | I8: 57893321 | J8: 57748831 | K8: 57596498
A9: DTwP-Hib | B9: 5826576.9 | C9: 5816636.4 | D9: 5854584.9 | E9: 5896822 | F9: 5926170.6 | G9: 5954082.9 | H9: 5991783.4 | I9: 6035049.6 | J9: 6086680.2 | K9: 6145863.4
A10: Penta | B10: 2.5278201e+08 | C10: 2.761834e+08 | D10: 2.8076815e+08 | E10: 2.6784928e+08 | F10: 2.6812943e+08 | G10: 2.6380014e+08 | H10: 2.668414e+08 | I10: 2.6438055e+08 | J10: 2.6762673e+08 | K10: 2.7056962e+08
A11: Hexa | B11: 0 | C11: 0 | D11: 0 | E11: 278213.57 | F11: 280005.61 | G11: 283015.82 | H11: 286417.42 | I11: 0 | J11: 0 | K11: 0
A12: IPV | B12: 83779047 | C12: 1.1191097e+08 | D12: 1.3081826e+08 | E12: 1.303194e+08 | F12: 1.300916e+08 | G12: 1.2819377e+08 | H12: 1.3053771e+08 | I12: 1.2851625e+08 | J12: 1.3080728e+08 | K12: 1.3295598e+08
A13: OPV | B13: 4.3840296e+08 | C13: 4.7027132e+08 | D13: 4.7781351e+08 | E13: 4.6009197e+08 | F13: 4.6137189e+08 | G13: 4.440262e+08 | H13: 0 | I13: 0 | J13: 0 | K13: 0
... A18: PCV | B18: 1.6080023e+08 | C18: 1.869961e+08 | D18: 2.0916547e+08 | E18: 2.0593845e+08 | F18: 2.2099867e+08 | G18: 2.1910658e+08 | H18: 2.2227112e+08 | I18: 2.1733557e+08 | J18: 2.1876457e+08 | K18: 2.2023425e+08
B20: 1 | C20: 2 | D20: 3 | E20: 4 | F20: 5 | G20: 6 | H20: 7 | I20: 8 | J20: 9 | K20: 10
A21: Measles | B21: =+B2+B3+B4 -> 3.7210849e+08 | C21: =+C2+C3+C4 -> 2.9196064e+08 | D21: =+D2+D3+D4 -> 3.2216921e+08 | E21: =+E2+E3+E4 -> 2.981969e+08 | F21: =+F2+F3+F4 -> 3.1369502e+08 | G21: =+G2+G3+G4 -> 4.0748967e+08 | H21: =+H2+H3+H4 -> 2.7895937e+08 | I21: =+I2+I3+I4 -> 4.0651555e+08 | ... K21: =+K2+K3+K4 -> 3.487701e+08
A22: Mumps | B22: =+B4 -> 26052156 | C22: =+C4 -> 26626399 | D22: =+D4 -> 25785425 | E22: =+E4 -> 25268101 | F22: =+F4 -> 23536241 | G22: =+G4 -> 16205416 | H22: =+H4 -> 18650430 | I22: =+I4 -> 8909629.5 | ... K22: =+K4 -> 12977659
A23: Rubella | B23: =+B3+B4 -> 3.5733131e+08 | C23: =+C3+C4 -> 2.5401142e+08 | D23: =+D3+D4 -> 3.0462142e+08 | E23: =+E3+E4 -> 2.768938e+08 | F23: =+F3+F4 -> 2.9134731e+08 | G23: =+G3+G4 -> 3.865427e+08 | H23: =+H3+H4 -> 2.590746e+08 | I23: =+I3+I4 -> 3.8569142e+08 | ... K23: =+K3+K4 -> 3.2585661e+08
A24: Diphtheria | B24: =+B6+B7+B8+B9+B10+B11 -> 5.7055015e+08 | C24: =+C6+C7+C8+C9+C10+C11 -> 6.1953992e+08 | D24: =+D6+D7+D8+D9+D10+D11 -> 6.264554e+08 | E24: =+E6+E7+E8+E9+E10+E11 -> 5.9449691e+08 | F24: =+F6+F7+F8+F9+F10+F11 -> 5.959802e+08 | G24: =+G6+G7+G8+G9+G10+G11 -> 5.8710326e+08 | H24: =+H6+H7+H8+H9+H10+H11 -> 5.9308472e+08 | I24: =+I6+I7+I8+I9+I10+I11 -> 5.8795411e+08 | ... K24: =+K6+K7+K8+K9+K10+K11 -> 6.0015896e+08
A25: Tetanus | B25: =+B5+B6+B7+B8+B9+B10+B11 -> 5.7773018e+08 | C25: =+C5+C6+C7+C8+C9+C10+C11 -> 6.2635096e+08 | D25: =+D5+D6+D7+D8+D9+D10+D11 -> 6.3327848e+08 | E25: =+E5+E6+E7+E8+E9+E10+E11 -> 6.0133308e+08 | F25: =+F5+F6+F7+F8+F9+F10+F11 -> 5.9887288e+08 | G25: =+G5+G6+G7+G8+G9+G10+G11 -> 5.9004012e+08 | H25: =+H5+H6+H7+H8+H9+H10+H11 -> 5.9606429e+08 | I25: =+I5+I6+I7+I8+I9+I10+I11 -> 5.9097313e+08 | ... K25: =+K5+K6+K7+K8+K9+K10+K11 -> 6.0324843e+08
A26: Pertussis | B26: =+B8+B9+B10+B11 -> 3.2066274e+08 | C26: =+C8+C9+C10+C11 -> 3.4741402e+08 | D26: =+D8+D9+D10+D11 -> 3.5246458e+08 | E26: =+E8+E9+E10+E11 -> 3.3597705e+08 | F26: =+F8+F9+F10+F11 -> 3.3485526e+08 | G26: =+G8+G9+G10+G11 -> 3.2803582e+08 | H26: =+H8+H9+H10+H11 -> 3.312375e+08 | I26: =+I8+I9+I10+I11 -> 3.2830892e+08 | ... K26: =+K8+K9+K10+K11 -> 3.3431198e+08
A27: Hepatitis_B | B27: =+B15+B10+B11 -> 3.1228457e+08 | C27: =+C15+C10+C11 -> 3.4300816e+08 | D27: =+D15+D10+D11 -> 3.5171778e+08 | E27: =+E15+E10+E11 -> 3.3497363e+08 | F27: =+F15+F10+F11 -> 3.3445556e+08 | G27: =+G15+G10+G11 -> 3.2843013e+08 | H27: =+H15+H10+H11 -> 3.323089e+08 | I27: =+I15+I10+I11 -> 3.2820051e+08 | ... K27: =+K15+K10+K11 -> 3.3552543e+08
A28: Hib | B28: =+B9+B10+B11+B16 -> 2.5953623e+08 | C28: =+C9+C10+C11+C16 -> 2.827771e+08 | D28: =+D9+D10+D11+D16 -> 2.8725289e+08 | E28: =+E9+E10+E11+E16 -> 2.7402786e+08 | F28: =+F9+F10+F11+F16 -> 2.7433939e+08 | G28: =+G9+G10+G11+G16 -> 2.7004127e+08 | H28: =+H9+H10+H11+H16 -> 2.731196e+08 | I28: =+I9+I10+I11+I16 -> 2.704156e+08 | ... K28: =+K9+K10+K11+K16 -> 2.7671548e+08
A29: IPV | B29: =+B11+B12+B13 -> 5.2218201e+08 | C29: =+C11+C12+C13 -> 5.8218228e+08 | D29: =+D11+D12+D13 -> 6.0863176e+08 | E29: =+E11+E12+E13 -> 5.9068959e+08 | F29: =+F11+F12+F13 -> 5.917435e+08 | G29: =+G11+G12+G13 -> 5.7250299e+08 | H29: =+H11+H12+H13 -> 1.3082413e+08 | I29: =+I11+I12+I13 -> 1.2851625e+08 | ... K29: =+K11+K12+K13 -> 1.3295598e+08
A30: HPV | B30: =+B14 -> 18988210 | C30: =+C14 -> 18779835 | D30: =+D14 -> 27459977 | E30: =+E14 -> 72849487 | F30: =+F14 -> 92670605 | G30: =+G14 -> 64703774 | H30: =+H14 -> 42236975 | I30: =+I14 -> 42368434 | ... K30: =+K14 -> 35038545
A31: Rotavirus | B31: =+B17 -> 1.42479e+08 | C31: =+C17 -> 1.6642208e+08 | D31: =+D17 -> 1.737514e+08 | E31: =+E17 -> 1.8632837e+08 | F31: =+F17 -> 1.9766829e+08 | G31: =+G17 -> 2.0565233e+08 | H31: =+H17 -> 2.0955284e+08 | I31: =+I17 -> 2.0735555e+08 | ... K31: =+K17 -> 2.1180284e+08
A32: PCV | B32: =+B18 -> 1.6080023e+08 | C32: =+C18 -> 1.869961e+08 | D32: =+D18 -> 2.0916547e+08 | E32: =+E18 -> 2.0593845e+08 | F32: =+F18 -> 2.2099867e+08 | G32: =+G18 -> 2.1910658e+08 | H32: =+H18 -> 2.2227112e+08 | I32: =+I18 -> 2.1733557e+08 | ... K32: =+K18 -> 2.2023425e+08
A34: Measles | B34: =+ROUND(B21/100000,0)*100000 -> 372100000 | C34: =+ROUND(C21/100000,0)*100000 -> 292000000 | D34: =+ROUND(D21/100000,0)*100000 -> 322200000 | E34: =+ROUND(E21/100000,0)*100000 -> 298200000 | F34: =+ROUND(F21/100000,0)*100000 -> 313700000 | G34: =+ROUND(G21/100000,0)*100000 -> 407500000 | H34: =+ROUND(H21/100000,0)*100000 -> 279000000 | I34: =+ROUND(I21/100000,0)*100000 -> 406500000 | ... K34: =+ROUND(K21/100000,0)*100000 -> 348800000
A35: Mumps | B35: =+ROUND(B22/100000,0)*100000 -> 26100000 | C35: =+ROUND(C22/100000,0)*100000 -> 26600000 | D35: =+ROUND(D22/100000,0)*100000 -> 25800000 | E35: =+ROUND(E22/100000,0)*100000 -> 25300000 | F35: =+ROUND(F22/100000,0)*100000 -> 23500000 | G35: =+ROUND(G22/100000,0)*100000 -> 16200000 | H35: =+ROUND(H22/100000,0)*100000 -> 18700000 | I35: =+ROUND(I22/100000,0)*100000 -> 8900000 | ... K35: =+ROUND(K22/100000,0)*100000 -> 13000000
A36: Rubella | B36: =+ROUND(B23/100000,0)*100000 -> 357300000 | C36: =+ROUND(C23/100000,0)*100000 -> 254000000 | D36: =+ROUND(D23/100000,0)*100000 -> 304600000 | E36: =+ROUND(E23/100000,0)*100000 -> 276900000 | F36: =+ROUND(F23/100000,0)*100000 -> 291300000 | G36: =+ROUND(G23/100000,0)*100000 -> 386500000 | H36: =+ROUND(H23/100000,0)*100000 -> 259100000 | I36: =+ROUND(I23/100000,0)*100000 -> 385700000 | ... K36: =+ROUND(K23/100000,0)*100000 -> 325900000
A37: Diphtheria | B37: =+ROUND(B24/100000,0)*100000 -> 570600000 | C37: =+ROUND(C24/100000,0)*100000 -> 619500000 | D37: =+ROUND(D24/100000,0)*100000 -> 626500000 | E37: =+ROUND(E24/100000,0)*100000 -> 594500000 | F37: =+ROUND(F24/100000,0)*100000 -> 596000000 | G37: =+ROUND(G24/100000,0)*100000 -> 587100000 | H37: =+ROUND(H24/100000,0)*100000 -> 593100000 | I37: =+ROUND(I24/100000,0)*100000 -> 588000000 | ... K37: =+ROUND(K24/100000,0)*100000 -> 600200000
A38: Tetanus | B38: =+ROUND(B25/100000,0)*100000 -> 577700000 | C38: =+ROUND(C25/100000,0)*100000 -> 626400000 | D38: =+ROUND(D25/100000,0)*100000 -> 633300000 | E38: =+ROUND(E25/100000,0)*100000 -> 601300000 | F38: =+ROUND(F25/100000,0)*100000 -> 598900000 | G38: =+ROUND(G25/100000,0)*100000 -> 590000000 | H38: =+ROUND(H25/100000,0)*100000 -> 596100000 | I38: =+ROUND(I25/100000,0)*100000 -> 591000000 | ... K38: =+ROUND(K25/100000,0)*100000 -> 603200000
A39: Pertussis | B39: =+ROUND(B26/100000,0)*100000 -> 320700000 | C39: =+ROUND(C26/100000,0)*100000 -> 347400000 | D39: =+ROUND(D26/100000,0)*100000 -> 352500000 | E39: =+ROUND(E26/100000,0)*100000 -> 336000000 | F39: =+ROUND(F26/100000,0)*100000 -> 334900000 | G39: =+ROUND(G26/100000,0)*100000 -> 328000000 | H39: =+ROUND(H26/100000,0)*100000 -> 331200000 | I39: =+ROUND(I26/100000,0)*100000 -> 328300000 | ... K39: =+ROUND(K26/100000,0)*100000 -> 334300000
A40: Hepatitis_B | B40: =+ROUND(B27/100000,0)*100000 -> 312300000 | C40: =+ROUND(C27/100000,0)*100000 -> 343000000 | D40: =+ROUND(D27/100000,0)*100000 -> 351700000 | E40: =+ROUND(E27/100000,0)*100000 -> 335000000 | F40: =+ROUND(F27/100000,0)*100000 -> 334500000 | G40: =+ROUND(G27/100000,0)*100000 -> 328400000 | H40: =+ROUND(H27/100000,0)*100000 -> 332300000 | I40: =+ROUND(I27/100000,0)*100000 -> 328200000 | ... K40: =+ROUND(K27/100000,0)*100000 -> 335500000
A41: Hib | B41: =+ROUND(B28/100000,0)*100000 -> 259500000 | C41: =+ROUND(C28/100000,0)*100000 -> 282800000 | D41: =+ROUND(D28/100000,0)*100000 -> 287300000 | E41: =+ROUND(E28/100000,0)*100000 -> 274000000 | F41: =+ROUND(F28/100000,0)*100000 -> 274300000 | G41: =+ROUND(G28/100000,0)*100000 -> 270000000 | H41: =+ROUND(H28/100000,0)*100000 -> 273100000 | I41: =+ROUND(I28/100000,0)*100000 -> 270400000 | ... K41: =+ROUND(K28/100000,0)*100000 -> 276700000
A42: IPV | B42: =+ROUND(B29/100000,0)*100000 -> 522200000 | C42: =+ROUND(C29/100000,0)*100000 -> 582200000 | D42: =+ROUND(D29/100000,0)*100000 -> 608600000 | E42: =+ROUND(E29/100000,0)*100000 -> 590700000 | F42: =+ROUND(F29/100000,0)*100000 -> 591700000 | G42: =+ROUND(G29/100000,0)*100000 -> 572500000 | H42: =+ROUND(H29/100000,0)*100000 -> 130800000 | I42: =+ROUND(I29/100000,0)*100000 -> 128500000 | ... K42: =+ROUND(K29/100000,0)*100000 -> 133000000
A43: HPV | B43: =+ROUND(B30/100000,0)*100000 -> 19000000 | C43: =+ROUND(C30/100000,0)*100000 -> 18800000 | D43: =+ROUND(D30/100000,0)*100000 -> 27500000 | E43: =+ROUND(E30/100000,0)*100000 -> 72800000 | F43: =+ROUND(F30/100000,0)*100000 -> 92700000 | G43: =+ROUND(G30/100000,0)*100000 -> 64700000 | H43: =+ROUND(H30/100000,0)*100000 -> 42200000 | I43: =+ROUND(I30/100000,0)*100000 -> 42400000 | ... K43: =+ROUND(K30/100000,0)*100000 -> 35000000
A44: Rotavirus | B44: =+ROUND(B31/100000,0)*100000 -> 142500000 | C44: =+ROUND(C31/100000,0)*100000 -> 166400000 | D44: =+ROUND(D31/100000,0)*100000 -> 173800000 | E44: =+ROUND(E31/100000,0)*100000 -> 186300000 | F44: =+ROUND(F31/100000,0)*100000 -> 197700000 | G44: =+ROUND(G31/100000,0)*100000 -> 205700000 | H44: =+ROUND(H31/100000,0)*100000 -> 209600000 | I44: =+ROUND(I31/100000,0)*100000 -> 207400000 | ... K44: =+ROUND(K31/100000,0)*100000 -> 211800000
A45: PCV | B45: =+ROUND(B32/100000,0)*100000 -> 160800000 | C45: =+ROUND(C32/100000,0)*100000 -> 187000000 | D45: =+ROUND(D32/100000,0)*100000 -> 209200000 | E45: =+ROUND(E32/100000,0)*100000 -> 205900000 | F45: =+ROUND(F32/100000,0)*100000 -> 221000000 | G45: =+ROUND(G32/100000,0)*100000 -> 219100000 | H45: =+ROUND(H32/100000,0)*100000 -> 222300000 | I45: =+ROUND(I32/100000,0)*100000 -> 217300000 | ... K45: =+ROUND(K32/100000,0)*100000 -> 220200000

Sheet Medium_Demand
B1: 1 | C1: 2 | D1: 3 | E1: 4 | F1: 5 | G1: 6 | H1: 7 | I1: 8 | J1: 9 | K1: 10 | L1: 11 | M1: 12 | N1: 13 | O1: 14 | P1: 15 | Q1: 16 | R1: 17 | S1: 18 | T1: 19 | U1: 20 | V1: 21 | W1: 22 | X1: 23 | Y1: 24 | Z1: 25 | AA1: 26 | AB1: 27 | AC1: 28 | AD1: 29 | AE1: 30 | AF1: 31 | AG1: 32 | AH1: 33 | AI1: 34 | AJ1: 35
A2: Measles | B2: 372100000 | C2: 292000000 | D2: 322200000 | E2: 298200000 | F2: 313700000 | G2: 407500000 | H2: 279000000 | I2: 406500000 | J2: 311500000 | K2: 348800000 | L2: 4.3705233e+08 | M2: 3.3043534e+08 | N2: 4.0937207e+08 | O2: 3.4754365e+08 | P2: 3.7375351e+08 | Q2: 4.6741578e+08 | R2: 3.607988e+08 | S2: 4.3973552e+08 | T2: 3.7790711e+08 | U2: 4.0411696e+08 | V2: 4.9777924e+08 | W2: 3.9116225e+08 | X2: 4.7009897e+08 | Y2: 4.0827056e+08 | Z2: 4.3448041e+08 | AA2: 5.2814269e+08 | AB2: 4.215257e+08 | AC2: 5.0046243e+08 | AD2: 4.3863401e+08 | AE2: 4.6484387e+08 | AF2: 5.5850614e+08 | AG2: 4.5188916e+08 | AH2: 5.3082588e+08 | AI2: 4.6899747e+08 | AJ2: 4.9520732e+08
A3: Mumps | B3: 22148782 | C3: 22105642 | D3: 19837777 | E3: 26434485 | F3: 20737739 | G3: 20303126 | H3: 23934205 | I3: 21792972 | J3: 18694960 | K3: 20718981 | L3: 19221360 | M3: 18654447 | N3: 22289251 | O3: 20153874 | P3: 17182312 | Q3: 21607499 | R3: 18346876 | S3: 17779963 | T3: 21414766 | U3: 19279389 | V3: 16307828 | W3: 20733015 | X3: 17472391 | Y3: 16905478 | Z3: 20540282 | AA3: 18404905 | AB3: 15433343 | AC3: 19858530 | AD3: 16597907 | AE3: 16030994 | AF3: 19665798 | AG3: 17530420 | AH3: 14558859 | AI3: 18984046 | AJ3: 15723422
A4: Rubella | B4: 357300000 | C4: 254000000 | D4: 304600000 | E4: 276900000 | F4: 291300000 | G4: 386500000 | H4: 259100000 | I4: 385700000 | J4: 289600000 | K4: 325900000 | L4: 4.1925699e+08 | M4: 3.0534365e+08 | N4: 3.9354738e+08 | O4: 3.3004828e+08 | P4: 3.5567603e+08 | Q4: 4.5064402e+08 | R4: 3.3673068e+08 | S4: 4.2493441e+08 | T4: 3.6143531e+08 | U4: 3.8706306e+08 | V4: 4.8203106e+08 | W4: 3.6811771e+08 | X4: 4.5632145e+08 | Y4: 3.9282235e+08 | Z4: 4.184501e+08 | AA4: 5.1341809e+08 | AB4: 3.9950475e+08 | AC4: 4.8770848e+08 | AD4: 4.2420938e+08 | AE4: 4.4983713e+08 | AF4: 5.4480512e+08 | AG4: 4.3089178e+08 | AH4: 5.1909551e+08 | AI4: 4.5559641e+08 | AJ4: 4.8122416e+08
A5: Diphtheria | B5: 570600000 | C5: 619500000 | D5: 626500000 | E5: 594500000 | F5: 596000000 | G5: 587100000 | H5: 593100000 | I5: 588000000 | J5: 594700000 | K5: 600200000 | L5: 6.0618086e+08 | M5: 5.8453027e+08 | N5: 5.8650357e+08 | O5: 610748349 | P5: 6.0216042e+08 | Q5: 5.7705549e+08 | R5: 5.7902878e+08 | S5: 5.8478368e+08 | T5: 5.9123128e+08 | U5: 603832834 | V5: 5.9155399e+08 | W5: 5.8930889e+08 | X5: 5.8375649e+08 | Y5: 6.0010591e+08 | Z5: 5.8607921e+08 | AA5: 5.8783411e+08 | AB5: 5.9928171e+08 | AC5: 5.8763112e+08 | AD5: 6.0260442e+08 | AE5: 5.7935932e+08 | AF5: 5.8980692e+08 | AG5: 6.1215633e+08 | AH5: 5.9912963e+08 | AI5: 5.9488453e+08 | AJ5: 5.9133213e+08
A6: Tetanus | B6: 577700000 | C6: 626400000 | D6: 633300000 | E6: 601300000 | F6: 598900000 | G6: 590000000 | H6: 596100000 | I6: 591000000 | J6: 597800000 | K6: 603200000 | L6: 5.9851506e+08 | M6: 5.9776534e+08 | N6: 5.9859086e+08 | O6: 5.8667379e+08 | P6: 5.9797638e+08 | Q6: 5.6876061e+08 | R6: 5.880109e+08 | S6: 5.9983641e+08 | T6: 5.8691934e+08 | U6: 6.0022194e+08 | V6: 5.8900617e+08 | W6: 5.8925645e+08 | X6: 5.9908196e+08 | Y6: 6.0116489e+08 | Z6: 5.8346749e+08 | AA6: 6.0225172e+08 | AB6: 5.89502e+08 | AC6: 5.9932752e+08 | AD6: 6.0541045e+08 | AE6: 6.0371304e+08 | AF6: 5.7949727e+08 | AG6: 5.9874755e+08 | AH6: 5.9957307e+08 | AI6: 6.00656e+08 | AJ6: 5.999586e+08
A7: Pertussis | B7: 320700000 | C7: 347400000 | D7: 352500000 | E7: 336000000 | F7: 334900000 | G7: 328000000 | H7: 331200000 | I7: 328300000 | J7: 331500000 | K7: 334300000 | L7: 323028738 | M7: 336396212 | N7: 340678448 | O7: 340640305 | P7: 342189406 | Q7: 335268003 | R7: 345935661 | S7: 350200717 | T7: 346536600 | U7: 347956777 | V7: 328317441 | W7: 332648930 | X7: 343185197 | Y7: 323884740 | Z7: 337713055 | AA7: 312356594 | AB7: 328931413 | AC7: 336169677 | AD7: 332375643 | AE7: 333665903 | AF7: 311477849 | AG7: 312931306 | AH7: 310867816 | AI7: 319326447 | AJ7: 326520467
A8: Hepatitis_B | B8: 312300000 | C8: 343000000 | D8: 351700000 | E8: 335000000 | F8: 334500000 | G8: 328400000 | H8: 332300000 | I8: 328200000 | J8: 332200000 | K8: 335500000 | L8: 329535961 | M8: 331703251 | N8: 326703251 | O8: 329058447 | P8: 337677793 | Q8: 331875120 | R8: 328475130 | S8: 327867869 | T8: 325642419 | U8: 327997616 | V8: 336616961 | W8: 330814288 | X8: 327414298 | Y8: 327807038 | Z8: 328581588 | AA8: 326936784 | AB8: 335556130 | AC8: 329753457 | AD8: 326353467 | AE8: 330746206 | AF8: 323520756 | AG8: 325875953 | AH8: 334495298 | AI8: 328692625 | AJ8: 325292635
A9: Hib | B9: 259500000 | C9: 282800000 | D9: 287300000 | E9: 274000000 | F9: 274300000 | G9: 270000000 | H9: 273100000 | I9: 270400000 | J9: 273700000 | K9: 276700000 | L9: 2.7215879e+08 | M9: 2.7439498e+08 | N9: 2.7258971e+08 | O9: 2.7176903e+08 | P9: 2.7400522e+08 | Q9: 2.7219995e+08 | R9: 2.7137927e+08 | S9: 2.7361546e+08 | T9: 2.7181019e+08 | U9: 2.7098951e+08 | V9: 2.732257e+08 | W9: 2.7142043e+08 | X9: 2.7059975e+08 | Y9: 2.7283594e+08 | Z9: 2.7103067e+08 | AA9: 2.7020999e+08 | AB9: 2.7244618e+08 | AC9: 2.7064091e+08 | AD9: 2.6982023e+08 | AE9: 2.7205642e+08 | AF9: 2.7025115e+08 | AG9: 2.6943047e+08 | AH9: 2.7166666e+08 | AI9: 2.6986139e+08 | AJ9: 2.6904071e+08
A10: Polio | B10: 522200000 | C10: 582200000 | D10: 608600000 | E10: 590700000 | F10: 591700000 | G10: 572500000 | H10: 130800000 | I10: 128500000 | J10: 130800000 | K10: 133000000 | L10: 1.3932295e+08 | M10: 1.4027261e+08 | N10: 1.4122227e+08 | O10: 1.4217193e+08 | P10: 1.4312159e+08 | Q10: 1.4407125e+08 | R10: 1.4502091e+08 | S10: 1.4597057e+08 | T10: 1.4692023e+08 | U10: 1.4786989e+08 | V10: 1.4881955e+08 | W10: 1.4976921e+08 | X10: 1.5071887e+08 | Y10: 1.5166853e+08 | Z10: 1.5261819e+08 | AA10: 1.5356785e+08 | AB10: 1.5451751e+08 | AC10: 1.5546717e+08 | AD10: 1.5641683e+08 | AE10: 1.5736649e+08 | AF10: 1.5831615e+08 | AG10: 1.5926581e+08 | AH10: 1.6021547e+08 | AI10: 1.6116513e+08 | AJ10: 1.6211479e+08
A11: HPV | B11: 19000000 | C11: 18800000 | D11: 27500000 | E11: 72800000 | F11: 92700000 | G11: 64700000 | H11: 42200000 | I11: 42400000 | J11: 33700000 | K11: 35000000 | L11: 90437327 | M11: 60634149 | N11: 38068021 | O11: 38201979 | P11: 27624394 | Q11: 51713319 | R11: 92582666 | S11: 62779489 | T11: 40213360 | U11: 40347319 | V11: 29769733 | W11: 53858659 | X11: 94728006 | Y11: 64924828 | Z11: 42358700 | AA11: 42492658 | AB11: 31915073 | AC11: 56003998 | AD11: 96873345 | AE11: 67070168 | AF11: 44504039 | AG11: 44637998 | AH11: 34060412 | AI11: 58149337 | AJ11: 99018685
A12: Rotavirus | B12: 142500000 | C12: 166400000 | D12: 173800000 | E12: 186300000 | F12: 197700000 | G12: 205700000 | H12: 209600000 | I12: 207400000 | J12: 209600000 | K12: 211800000 | L12: 2.1298693e+08 | M12: 2.1489232e+08 | N12: 2.1679771e+08 | O12: 2.187031e+08 | P12: 2.2060849e+08 | Q12: 2.2251388e+08 | R12: 2.2441927e+08 | S12: 2.2632467e+08 | T12: 2.2823006e+08 | U12: 2.3013545e+08 | V12: 2.3204084e+08 | W12: 2.3394623e+08 | X12: 2.3585162e+08 | Y12: 2.3775701e+08 | Z12: 2.3966241e+08 | AA12: 2.415678e+08 | AB12: 2.4347319e+08 | AC12: 2.4537858e+08 | AD12: 2.4728397e+08 | AE12: 2.4918936e+08 | AF12: 2.5109475e+08 | AG12: 2.5300015e+08 | AH12: 2.5490554e+08 | AI12: 2.5681093e+08 | AJ12: 2.5871632e+08
A13: PCV | B13: 160800000 | C13: 187000000 | D13: 209200000 | E13: 205900000 | F13: 221000000 | G13: 219100000 | H13: 222300000 | I13: 217300000 | J13: 218800000 | K13: 220200000 | L13: 2.289149e+08 | M13: 2.238492e+08 | N13: 2.3483374e+08 | O13: 2.3731792e+08 | P13: 2.4603136e+08 | Q13: 2.4096566e+08 | R13: 2.519502e+08 | S13: 2.5443439e+08 | T13: 2.6314782e+08 | U13: 2.5808212e+08 | V13: 2.6906666e+08 | W13: 2.7155085e+08 | X13: 2.8026428e+08 | Y13: 2.7519859e+08 | Z13: 2.8618312e+08 | AA13: 2.8866731e+08 | AB13: 2.9738074e+08 | AC13: 2.9231505e+08 | AD13: 3.0329959e+08 | AE13: 3.0578377e+08 | AF13: 3.144972e+08 | AG13: 3.0943151e+08 | AH13: 3.2041605e+08 | AI13: 3.2290023e+08 | AJ13: 3.3161367e+08

Sheet forecast_data
B1: 1 | C1: 2 | D1: 3 | E1: 4 | F1: 5 | G1: 6 | H1: 7 | I1: 8 | J1: 9 | K1: 10
A2: Measles | B2: 372100000 | C2: 292000000 | D2: 322200000 | E2: 298200000 | F2: 313700000 | G2: 407500000 | H2: 279000000 | I2: 406500000 | J2: 311500000 | K2: 348800000
A3: Mumps | B3: 26100000 | C3: 26600000 | D3: 25800000 | E3: 25300000 | F3: 23500000 | G3: 16200000 | H3: 18700000 | I3: 8900000 | J3: 10700000 | K3: 13000000
A4: Rubella | B4: 357300000 | C4: 254000000 | D4: 304600000 | E4: 276900000 | F4: 291300000 | G4: 386500000 | H4: 259100000 | I4: 385700000 | J4: 289600000 | K4: 325900000
A5: MMR | B5: =MAX(B2:B4) -> 372100000 | C5: =MAX(C2:C4) -> 292000000 | D5: =MAX(D2:D4) -> 322200000 | E5: =MAX(E2:E4) -> 298200000 | F5: =MAX(F2:F4) -> 313700000 | G5: =MAX(G2:G4) -> 407500000 | H5: =MAX(H2:H4) -> 279000000 | I5: =MAX(I2:I4) -> 406500000 | ... K5: =MAX(K2:K4) -> 348800000
A6: Diphtheria | B6: 570600000 | C6: 619500000 | D6: 626500000 | E6: 594500000 | F6: 596000000 | G6: 587100000 | H6: 593100000 | I6: 588000000 | J6: 594700000 | K6: 600200000
A7: Tetanus | B7: 577700000 | C7: 626400000 | D7: 633300000 | E7: 601300000 | F7: 598900000 | G7: 590000000 | H7: 596100000 | I7: 591000000 | J7: 597800000 | K7: 603200000
A8: Pertussis | B8: 320700000 | C8: 347400000 | D8: 352500000 | E8: 336000000 | F8: 334900000 | G8: 328000000 | H8: 331200000 | I8: 328300000 | J8: 331500000 | K8: 334300000
A9: Hepatitis_B | B9: 312300000 | C9: 343000000 | D9: 351700000 | E9: 335000000 | F9: 334500000 | G9: 328400000 | H9: 332300000 | I9: 328200000 | J9: 332200000 | K9: 335500000
A10: Hib | B10: 259500000 | C10: 282800000 | D10: 287300000 | E10: 274000000 | F10: 274300000 | G10: 270000000 | H10: 273100000 | I10: 270400000 | J10: 273700000 | K10: 276700000
A11: Polio | B11: 522200000 | C11: 582200000 | D11: 608600000 | E11: 590700000 | F11: 591700000 | G11: 572500000 | H11: 130800000 | I11: 128500000 | J11: 130800000 | K11: 133000000
A12: HPV | B12: 19000000 | C12: 18800000 | D12: 27500000 | E12: 72800000 | F12: 92700000 | G12: 64700000 | H12: 42200000 | I12: 42400000 | J12: 33700000 | K12: 35000000
A13: Rotavirus | B13: 142500000 | C13: 166400000 | D13: 173800000 | E13: 186300000 | F13: 197700000 | G13: 205700000 | H13: 209600000 | I13: 207400000 | J13: 209600000 | K13: 211800000
A14: PCV | B14: 160800000 | C14: 187000000 | D14: 209200000 | E14: 205900000 | F14: 221000000 | G14: 219100000 | H14: 222300000 | I14: 217300000 | J14: 218800000 | K14: 220200000

Sheet Pandemic_Effect
B1: 1 | C1: 2 | D1: 3 | E1: 4 | F1: 5 | G1: 6 | H1: 7 | I1: 8 | J1: 9 | K1: 10
A2: Measles | B2: 372100000 | C2: 292000000 | D2: 322200000 | E2: 298200000 | F2: 313700000 | G2: 326000000 | H2: 223200000 | I2: 487800000 | J2: 373800000 | K2: 348800000 | O2: Demand assumed to be decreased by 20%
A3: Mumps | B3: 26100000 | C3: 26600000 | D3: 25800000 | E3: 25300000 | F3: 23500000 | G3: 12960000 | H3: 14960000 | I3: 10680000 | J3: 12840000 | K3: 13000000 | O3: Demand assumed to be increased by 20%
A4: Rubella | B4: 357300000 | C4: 254000000 | D4: 304600000 | E4: 276900000 | F4: 291300000 | G4: 309200000 | H4: 207280000 | I4: 462840000 | J4: 347520000 | K4: 325900000
A5: Diphtheria | B5: 570600000 | C5: 619500000 | D5: 626500000 | E5: 594500000 | F5: 596000000 | G5: 469680000 | H5: 474480000 | I5: 705600000 | J5: 713640000 | K5: 600200000
A6: Tetanus | B6: 577700000 | C6: 626400000 | D6: 633300000 | E6: 601300000 | F6: 598900000 | G6: 472000000 | H6: 476880000 | I6: 709200000 | J6: 717360000 | K6: 603200000
A7: Pertussis | B7: 320700000 | C7: 347400000 | D7: 352500000 | E7: 336000000 | F7: 334900000 | G7: 262400000 | H7: 264960000 | I7: 393960000 | J7: 397800000 | K7: 334300000
A8: Hepatitis_B | B8: 312300000 | C8: 343000000 | D8: 351700000 | E8: 335000000 | F8: 334500000 | G8: 262720000 | H8: 265840000 | I8: 393840000 | J8: 398640000 | K8: 335500000
A9: Hib | B9: 259500000 | C9: 282800000 | D9: 287300000 | E9: 274000000 | F9: 274300000 | G9: 216000000 | H9: 218480000 | I9: 324480000 | J9: 328440000 | K9: 276700000
A10: IPV | B10: 522200000 | C10: 582200000 | D10: 608600000 | E10: 590700000 | F10: 591700000 | G10: 458000000 | H10: 104640000 | I10: 154200000 | J10: 156960000 | K10: 133000000
A11: HPV | B11: 19000000 | C11: 18800000 | D11: 27500000 | E11: 72800000 | F11: 92700000 | G11: 51760000 | H11: 33760000 | I11: 50880000 | J11: 40440000 | K11: 35000000
A12: Rotavirus | B12: 142500000 | C12: 166400000 | D12: 173800000 | E12: 186300000 | F12: 197700000 | G12: 164560000 | H12: 167680000 | I12: 248880000 | J12: 251520000 | K12: 211800000
A13: PCV | B13: 160800000 | C13: 187000000 | D13: 209200000 | E13: 205900000 | F13: 221000000 | G13: 175280000 | H13: 177840000 | I13: 260760000 | J13: 262560000 | K13: 220200000

Sheet Vaccine_Replacement_Effect
B1: 1 | C1: 2 | D1: 3 | E1: 4 | F1: 5 | G1: 6 | H1: 7 | I1: 8 | J1: 9 | K1: 10
A2: Measles | B2: 372100000 | C2: 292000000 | D2: 322200000 | E2: 298200000 | F2: 313700000 | G2: 407500000 | H2: 279000000 | I2: 406500000 | J2: 311500000 | K2: 348800000 | M2: 50% of MR is replaced by MMR
A3: Mumps | B3: 26100000 | C3: 26600000 | D3: 25800000 | E3: 25300000 | F3: 23500000 | G3: 2.0136864e+08 | H3: 1.3891208e+08 | I3: 1.972909e+08 | J3: 1.5013696e+08 | K3: 1.6943948e+08 | M3: 50% of Penta is replaced by Hexa
A4: Rubella | B4: 357300000 | C4: 254000000 | D4: 304600000 | E4: 276900000 | F4: 291300000 | G4: 386500000 | H4: 259100000 | I4: 385700000 | J4: 289600000 | K4: 325900000
A5: Diphtheria | B5: 570600000 | C5: 619500000 | D5: 626500000 | E5: 594500000 | F5: 596000000 | G5: 587100000 | H5: 593100000 | I5: 588000000 | J5: 594700000 | K5: 600200000 | N5: Demand of Mumps increases by 50% of the demand of MR
A6: Tetanus | B6: 577700000 | C6: 626400000 | D6: 633300000 | E6: 601300000 | F6: 598900000 | G6: 590000000 | H6: 596100000 | I6: 591000000 | J6: 597800000 | K6: 603200000 | N6: Demand of IPV increases by 50% of the demand of Penta
A7: Pertussis | B7: 320700000 | C7: 347400000 | D7: 352500000 | E7: 336000000 | F7: 334900000 | G7: 328000000 | H7: 331200000 | I7: 328300000 | J7: 331500000 | K7: 334300000
A8: Hepatitis_B | B8: 312300000 | C8: 343000000 | D8: 351700000 | E8: 335000000 | F8: 334500000 | G8: 328400000 | H8: 332300000 | I8: 328200000 | J8: 332200000 | K8: 335500000
A9: Hib | B9: 259500000 | C9: 282800000 | D9: 287300000 | E9: 274000000 | F9: 274300000 | G9: 270000000 | H9: 273100000 | I9: 270400000 | J9: 273700000 | K9: 276700000
A10: IPV | B10: 522200000 | C10: 582200000 | D10: 608600000 | E10: 590700000 | F10: 591700000 | G10: 7.0440007e+08 | H10: 2.642207e+08 | I10: 2.6069027e+08 | J10: 2.6461336e+08 | K10: 2.6828481e+08
A11: HPV | B11: 19000000 | C11: 18800000 | D11: 27500000 | E11: 72800000 | F11: 92700000 | G11: 64700000 | H11: 42200000 | I11: 42400000 | J11: 33700000 | K11: 35000000
A12: Rotavirus | B12: 142500000 | C12: 166400000 | D12: 173800000 | E12: 186300000 | F12: 197700000 | G12: 205700000 | H12: 209600000 | I12: 207400000 | J12: 209600000 | K12: 211800000
A13: PCV | B13: 160800000 | C13: 187000000 | D13: 209200000 | E13: 205900000 | F13: 221000000 | G13: 219100000 | H13: 222300000 | I13: 217300000 | J13: 218800000 | K13: 220200000

Sheet Weighted_Avg_Demand_for_Scen.
B1: 1 | C1: 2 | D1: 3 | E1: 4 | F1: 5 | G1: 6 | H1: 7 | I1: 8 | J1: 9 | K1: 10
A2: Measles | B2: =+Vaccine_Replacement_Effect!B2*0.05+Pandemic_Effect!B2*0.05+Medium_Demand!B2*0.3+Medium_Demand!B2*0.3*0.8+Medium_Demand!B2*0.3*1.2 -> 372100000 | C2: =+Vaccine_Replacement_Effect!C2*0.05+Pandemic_Effect!C2*0.05+Medium_Demand!C2*0.3+Medium_Demand!C2*0.3*0.8+Medium_Demand!C2*0.3*1.2 -> 292000000 | D2: =+Vaccine_Replacement_Effect!D2*0.05+Pandemic_Effect!D2*0.05+Medium_Demand!D2*0.3+Medium_Demand!D2*0.3*0.8+Medium_Demand!D2*0.3*1.2 -> 322200000 | E2: =+Vaccine_Replacement_Effect!E2*0.05+Pandemic_Effect!E2*0.05+Medium_Demand!E2*0.3+Medium_Demand!E2*0.3*0.8+Medium_Demand!E2*0.3*1.2 -> 298200000 | F2: =+Vaccine_Replacement_Effect!F2*0.05+Pandemic_Effect!F2*0.05+Medium_Demand!F2*0.3+Medium_Demand!F2*0.3*0.8+Medium_Demand!F2*0.3*1.2 -> 313700000 | G2: =+Vaccine_Replacement_Effect!G2*0.05+Pandemic_Effect!G2*0.05+Medium_Demand!G2*0.3+Medium_Demand!G2*0.3*0.8+Medium_Demand!G2*0.3*1.2 -> 403425000 | H2: =+Vaccine_Replacement_Effect!H2*0.05+Pandemic_Effect!H2*0.05+Medium_Demand!H2*0.3+Medium_Demand!H2*0.3*0.8+Medium_Demand!H2*0.3*1.2 -> 276210000 | I2: =+Vaccine_Replacement_Effect!I2*0.05+Pandemic_Effect!I2*0.05+Medium_Demand!I2*0.3+Medium_Demand!I2*0.3*0.8+Medium_Demand!I2*0.3*1.2 -> 410565000 | ... K2: =+Vaccine_Replacement_Effect!K2*0.05+Pandemic_Effect!K2*0.05+Medium_Demand!K2*0.3+Medium_Demand!K2*0.3*0.8+Medium_Demand!K2*0.3*1.2 -> 348800000 | M2: =+SUM(B2:K2) -> 3351815000 | O2: M | P2: 220618000 | Q2: Measles | R2: =+P2+P3+P4 -> 3351815000
A3: Mumps | B3: =+Vaccine_Replacement_Effect!B3*0.05+Pandemic_Effect!B3*0.05+Medium_Demand!B3*0.3+Medium_Demand!B3*0.3*0.8+Medium_Demand!B3*0.3*1.2 -> 22543904 | C3: =+Vaccine_Replacement_Effect!C3*0.05+Pandemic_Effect!C3*0.05+Medium_Demand!C3*0.3+Medium_Demand!C3*0.3*0.8+Medium_Demand!C3*0.3*1.2 -> 22555078 | D3: =+Vaccine_Replacement_Effect!D3*0.05+Pandemic_Effect!D3*0.05+Medium_Demand!D3*0.3+Medium_Demand!D3*0.3*0.8+Medium_Demand!D3*0.3*1.2 -> 20433999 | E3: =+Vaccine_Replacement_Effect!E3*0.05+Pandemic_Effect!E3*0.05+Medium_Demand!E3*0.3+Medium_Demand!E3*0.3*0.8+Medium_Demand!E3*0.3*1.2 -> 26321036 | F3: =+Vaccine_Replacement_Effect!F3*0.05+Pandemic_Effect!F3*0.05+Medium_Demand!F3*0.3+Medium_Demand!F3*0.3*0.8+Medium_Demand!F3*0.3*1.2 -> 21013965 | G3: =+Vaccine_Replacement_Effect!G3*0.05+Pandemic_Effect!G3*0.05+Medium_Demand!G3*0.3+Medium_Demand!G3*0.3*0.8+Medium_Demand!G3*0.3*1.2 -> 28989245 | H3: =+Vaccine_Replacement_Effect!H3*0.05+Pandemic_Effect!H3*0.05+Medium_Demand!H3*0.3+Medium_Demand!H3*0.3*0.8+Medium_Demand!H3*0.3*1.2 -> 29234389 | I3: =+Vaccine_Replacement_Effect!I3*0.05+Pandemic_Effect!I3*0.05+Medium_Demand!I3*0.3+Medium_Demand!I3*0.3*0.8+Medium_Demand!I3*0.3*1.2 -> 30012220 | ... K3: =+Vaccine_Replacement_Effect!K3*0.05+Pandemic_Effect!K3*0.05+Medium_Demand!K3*0.3+Medium_Demand!K3*0.3*0.8+Medium_Demand!K3*0.3*1.2 -> 27769057 | M3: =+SUM(B3:K3) -> 2.538472e+08 | O3: MR | P3: 2897067597 | Q3: Mumps | R3: =+P4 -> 234129403
A4: Rubella | B4: =+Vaccine_Replacement_Effect!B4*0.05+Pandemic_Effect!B4*0.05+Medium_Demand!B4*0.3+Medium_Demand!B4*0.3*0.8+Medium_Demand!B4*0.3*1.2 -> 357300000 | C4: =+Vaccine_Replacement_Effect!C4*0.05+Pandemic_Effect!C4*0.05+Medium_Demand!C4*0.3+Medium_Demand!C4*0.3*0.8+Medium_Demand!C4*0.3*1.2 -> 254000000 | D4: =+Vaccine_Replacement_Effect!D4*0.05+Pandemic_Effect!D4*0.05+Medium_Demand!D4*0.3+Medium_Demand!D4*0.3*0.8+Medium_Demand!D4*0.3*1.2 -> 304600000 | E4: =+Vaccine_Replacement_Effect!E4*0.05+Pandemic_Effect!E4*0.05+Medium_Demand!E4*0.3+Medium_Demand!E4*0.3*0.8+Medium_Demand!E4*0.3*1.2 -> 276900000 | F4: =+Vaccine_Replacement_Effect!F4*0.05+Pandemic_Effect!F4*0.05+Medium_Demand!F4*0.3+Medium_Demand!F4*0.3*0.8+Medium_Demand!F4*0.3*1.2 -> 291300000 | G4: =+Vaccine_Replacement_Effect!G4*0.05+Pandemic_Effect!G4*0.05+Medium_Demand!G4*0.3+Medium_Demand!G4*0.3*0.8+Medium_Demand!G4*0.3*1.2 -> 382635000 | H4: =+Vaccine_Replacement_Effect!H4*0.05+Pandemic_Effect!H4*0.05+Medium_Demand!H4*0.3+Medium_Demand!H4*0.3*0.8+Medium_Demand!H4*0.3*1.2 -> 256509000 | I4: =+Vaccine_Replacement_Effect!I4*0.05+Pandemic_Effect!I4*0.05+Medium_Demand!I4*0.3+Medium_Demand!I4*0.3*0.8+Medium_Demand!I4*0.3*1.2 -> 389557000 | ... K4: =+Vaccine_Replacement_Effect!K4*0.05+Pandemic_Effect!K4*0.05+Medium_Demand!K4*0.3+Medium_Demand!K4*0.3*0.8+Medium_Demand!K4*0.3*1.2 -> 325900000 | M4: =+SUM(B4:K4) -> 3131197000 | O4: MMR | P4: 234129403 | Q4: Rubella | R4: =+P4+P3 -> 3131197000
A5: Diphtheria | B5: =+Vaccine_Replacement_Effect!B5*0.05+Pandemic_Effect!B5*0.05+Medium_Demand!B5*0.3+Medium_Demand!B5*0.3*0.8+Medium_Demand!B5*0.3*1.2 -> 570600000 | C5: =+Vaccine_Replacement_Effect!C5*0.05+Pandemic_Effect!C5*0.05+Medium_Demand!C5*0.3+Medium_Demand!C5*0.3*0.8+Medium_Demand!C5*0.3*1.2 -> 619500000 | D5: =+Vaccine_Replacement_Effect!D5*0.05+Pandemic_Effect!D5*0.05+Medium_Demand!D5*0.3+Medium_Demand!D5*0.3*0.8+Medium_Demand!D5*0.3*1.2 -> 626500000 | E5: =+Vaccine_Replacement_Effect!E5*0.05+Pandemic_Effect!E5*0.05+Medium_Demand!E5*0.3+Medium_Demand!E5*0.3*0.8+Medium_Demand!E5*0.3*1.2 -> 594500000 | F5: =+Vaccine_Replacement_Effect!F5*0.05+Pandemic_Effect!F5*0.05+Medium_Demand!F5*0.3+Medium_Demand!F5*0.3*0.8+Medium_Demand!F5*0.3*1.2 -> 596000000 | G5: =+Vaccine_Replacement_Effect!G5*0.05+Pandemic_Effect!G5*0.05+Medium_Demand!G5*0.3+Medium_Demand!G5*0.3*0.8+Medium_Demand!G5*0.3*1.2 -> 581229000 | H5: =+Vaccine_Replacement_Effect!H5*0.05+Pandemic_Effect!H5*0.05+Medium_Demand!H5*0.3+Medium_Demand!H5*0.3*0.8+Medium_Demand!H5*0.3*1.2 -> 587169000 | I5: =+Vaccine_Replacement_Effect!I5*0.05+Pandemic_Effect!I5*0.05+Medium_Demand!I5*0.3+Medium_Demand!I5*0.3*0.8+Medium_Demand!I5*0.3*1.2 -> 593880000 | ... K5: =+Vaccine_Replacement_Effect!K5*0.05+Pandemic_Effect!K5*0.05+Medium_Demand!K5*0.3+Medium_Demand!K5*0.3*0.8+Medium_Demand!K5*0.3*1.2 -> 600200000
A6: Tetanus | B6: =+Vaccine_Replacement_Effect!B6*0.05+Pandemic_Effect!B6*0.05+Medium_Demand!B6*0.3+Medium_Demand!B6*0.3*0.8+Medium_Demand!B6*0.3*1.2 -> 577700000 | C6: =+Vaccine_Replacement_Effect!C6*0.05+Pandemic_Effect!C6*0.05+Medium_Demand!C6*0.3+Medium_Demand!C6*0.3*0.8+Medium_Demand!C6*0.3*1.2 -> 626400000 | D6: =+Vaccine_Replacement_Effect!D6*0.05+Pandemic_Effect!D6*0.05+Medium_Demand!D6*0.3+Medium_Demand!D6*0.3*0.8+Medium_Demand!D6*0.3*1.2 -> 633300000 | E6: =+Vaccine_Replacement_Effect!E6*0.05+Pandemic_Effect!E6*0.05+Medium_Demand!E6*0.3+Medium_Demand!E6*0.3*0.8+Medium_Demand!E6*0.3*1.2 -> 601300000 | F6: =+Vaccine_Replacement_Effect!F6*0.05+Pandemic_Effect!F6*0.05+Medium_Demand!F6*0.3+Medium_Demand!F6*0.3*0.8+Medium_Demand!F6*0.3*1.2 -> 598900000 | G6: =+Vaccine_Replacement_Effect!G6*0.05+Pandemic_Effect!G6*0.05+Medium_Demand!G6*0.3+Medium_Demand!G6*0.3*0.8+Medium_Demand!G6*0.3*1.2 -> 584100000 | H6: =+Vaccine_Replacement_Effect!H6*0.05+Pandemic_Effect!H6*0.05+Medium_Demand!H6*0.3+Medium_Demand!H6*0.3*0.8+Medium_Demand!H6*0.3*1.2 -> 590139000 | I6: =+Vaccine_Replacement_Effect!I6*0.05+Pandemic_Effect!I6*0.05+Medium_Demand!I6*0.3+Medium_Demand!I6*0.3*0.8+Medium_Demand!I6*0.3*1.2 -> 596910000 | ... K6: =+Vaccine_Replacement_Effect!K6*0.05+Pandemic_Effect!K6*0.05+Medium_Demand!K6*0.3+Medium_Demand!K6*0.3*0.8+Medium_Demand!K6*0.3*1.2 -> 603200000
A7: Pertussis | B7: =+Vaccine_Replacement_Effect!B7*0.05+Pandemic_Effect!B7*0.05+Medium_Demand!B7*0.3+Medium_Demand!B7*0.3*0.8+Medium_Demand!B7*0.3*1.2 -> 320700000 | C7: =+Vaccine_Replacement_Effect!C7*0.05+Pandemic_Effect!C7*0.05+Medium_Demand!C7*0.3+Medium_Demand!C7*0.3*0.8+Medium_Demand!C7*0.3*1.2 -> 347400000 | D7: =+Vaccine_Replacement_Effect!D7*0.05+Pandemic_Effect!D7*0.05+Medium_Demand!D7*0.3+Medium_Demand!D7*0.3*0.8+Medium_Demand!D7*0.3*1.2 -> 352500000 | E7: =+Vaccine_Replacement_Effect!E7*0.05+Pandemic_Effect!E7*0.05+Medium_Demand!E7*0.3+Medium_Demand!E7*0.3*0.8+Medium_Demand!E7*0.3*1.2 -> 336000000 | F7: =+Vaccine_Replacement_Effect!F7*0.05+Pandemic_Effect!F7*0.05+Medium_Demand!F7*0.3+Medium_Demand!F7*0.3*0.8+Medium_Demand!F7*0.3*1.2 -> 334900000 | G7: =+Vaccine_Replacement_Effect!G7*0.05+Pandemic_Effect!G7*0.05+Medium_Demand!G7*0.3+Medium_Demand!G7*0.3*0.8+Medium_Demand!G7*0.3*1.2 -> 324720000 | H7: =+Vaccine_Replacement_Effect!H7*0.05+Pandemic_Effect!H7*0.05+Medium_Demand!H7*0.3+Medium_Demand!H7*0.3*0.8+Medium_Demand!H7*0.3*1.2 -> 327888000 | I7: =+Vaccine_Replacement_Effect!I7*0.05+Pandemic_Effect!I7*0.05+Medium_Demand!I7*0.3+Medium_Demand!I7*0.3*0.8+Medium_Demand!I7*0.3*1.2 -> 331583000 | ... K7: =+Vaccine_Replacement_Effect!K7*0.05+Pandemic_Effect!K7*0.05+Medium_Demand!K7*0.3+Medium_Demand!K7*0.3*0.8+Medium_Demand!K7*0.3*1.2 -> 334300000
A8: Hepatitis_B | B8: =+Vaccine_Replacement_Effect!B8*0.05+Pandemic_Effect!B8*0.05+Medium_Demand!B8*0.3+Medium_Demand!B8*0.3*0.8+Medium_Demand!B8*0.3*1.2 -> 312300000 | C8: =+Vaccine_Replacement_Effect!C8*0.05+Pandemic_Effect!C8*0.05+Medium_Demand!C8*0.3+Medium_Demand!C8*0.3*0.8+Medium_Demand!C8*0.3*1.2 -> 343000000 | D8: =+Vaccine_Replacement_Effect!D8*0.05+Pandemic_Effect!D8*0.05+Medium_Demand!D8*0.3+Medium_Demand!D8*0.3*0.8+Medium_Demand!D8*0.3*1.2 -> 351700000 | E8: =+Vaccine_Replacement_Effect!E8*0.05+Pandemic_Effect!E8*0.05+Medium_Demand!E8*0.3+Medium_Demand!E8*0.3*0.8+Medium_Demand!E8*0.3*1.2 -> 335000000 | F8: =+Vaccine_Replacement_Effect!F8*0.05+Pandemic_Effect!F8*0.05+Medium_Demand!F8*0.3+Medium_Demand!F8*0.3*0.8+Medium_Demand!F8*0.3*1.2 -> 334500000 | G8: =+Vaccine_Replacement_Effect!G8*0.05+Pandemic_Effect!G8*0.05+Medium_Demand!G8*0.3+Medium_Demand!G8*0.3*0.8+Medium_Demand!G8*0.3*1.2 -> 325116000 | H8: =+Vaccine_Replacement_Effect!H8*0.05+Pandemic_Effect!H8*0.05+Medium_Demand!H8*0.3+Medium_Demand!H8*0.3*0.8+Medium_Demand!H8*0.3*1.2 -> 328977000 | I8: =+Vaccine_Replacement_Effect!I8*0.05+Pandemic_Effect!I8*0.05+Medium_Demand!I8*0.3+Medium_Demand!I8*0.3*0.8+Medium_Demand!I8*0.3*1.2 -> 331482000 | ... K8: =+Vaccine_Replacement_Effect!K8*0.05+Pandemic_Effect!K8*0.05+Medium_Demand!K8*0.3+Medium_Demand!K8*0.3*0.8+Medium_Demand!K8*0.3*1.2 -> 335500000
A9: Hib | B9: =+Vaccine_Replacement_Effect!B9*0.05+Pandemic_Effect!B9*0.05+Medium_Demand!B9*0.3+Medium_Demand!B9*0.3*0.8+Medium_Demand!B9*0.3*1.2 -> 259500000 | C9: =+Vaccine_Replacement_Effect!C9*0.05+Pandemic_Effect!C9*0.05+Medium_Demand!C9*0.3+Medium_Demand!C9*0.3*0.8+Medium_Demand!C9*0.3*1.2 -> 282800000 | D9: =+Vaccine_Replacement_Effect!D9*0.05+Pandemic_Effect!D9*0.05+Medium_Demand!D9*0.3+Medium_Demand!D9*0.3*0.8+Medium_Demand!D9*0.3*1.2 -> 287300000 | E9: =+Vaccine_Replacement_Effect!E9*0.05+Pandemic_Effect!E9*0.05+Medium_Demand!E9*0.3+Medium_Demand!E9*0.3*0.8+Medium_Demand!E9*0.3*1.2 -> 274000000 | F9: =+Vaccine_Replacement_Effect!F9*0.05+Pandemic_Effect!F9*0.05+Medium_Demand!F9*0.3+Medium_Demand!F9*0.3*0.8+Medium_Demand!F9*0.3*1.2 -> 274300000 | G9: =+Vaccine_Replacement_Effect!G9*0.05+Pandemic_Effect!G9*0.05+Medium_Demand!G9*0.3+Medium_Demand!G9*0.3*0.8+Medium_Demand!G9*0.3*1.2 -> 267300000 | H9: =+Vaccine_Replacement_Effect!H9*0.05+Pandemic_Effect!H9*0.05+Medium_Demand!H9*0.3+Medium_Demand!H9*0.3*0.8+Medium_Demand!H9*0.3*1.2 -> 270369000 | I9: =+Vaccine_Replacement_Effect!I9*0.05+Pandemic_Effect!I9*0.05+Medium_Demand!I9*0.3+Medium_Demand!I9*0.3*0.8+Medium_Demand!I9*0.3*1.2 -> 273104000 | ... K9: =+Vaccine_Replacement_Effect!K9*0.05+Pandemic_Effect!K9*0.05+Medium_Demand!K9*0.3+Medium_Demand!K9*0.3*0.8+Medium_Demand!K9*0.3*1.2 -> 276700000
A10: IPV | B10: =+Vaccine_Replacement_Effect!B10*0.05+Pandemic_Effect!B10*0.05+Medium_Demand!B10*0.3+Medium_Demand!B10*0.3*0.8+Medium_Demand!B10*0.3*1.2 -> 522200000 | C10: =+Vaccine_Replacement_Effect!C10*0.05+Pandemic_Effect!C10*0.05+Medium_Demand!C10*0.3+Medium_Demand!C10*0.3*0.8+Medium_Demand!C10*0.3*1.2 -> 582200000 | D10: =+Vaccine_Replacement_Effect!D10*0.05+Pandemic_Effect!D10*0.05+Medium_Demand!D10*0.3+Medium_Demand!D10*0.3*0.8+Medium_Demand!D10*0.3*1.2 -> 608600000 | E10: =+Vaccine_Replacement_Effect!E10*0.05+Pandemic_Effect!E10*0.05+Medium_Demand!E10*0.3+Medium_Demand!E10*0.3*0.8+Medium_Demand!E10*0.3*1.2 -> 590700000 | F10: =+Vaccine_Replacement_Effect!F10*0.05+Pandemic_Effect!F10*0.05+Medium_Demand!F10*0.3+Medium_Demand!F10*0.3*0.8+Medium_Demand!F10*0.3*1.2 -> 591700000 | G10: =+Vaccine_Replacement_Effect!G10*0.05+Pandemic_Effect!G10*0.05+Medium_Demand!G10*0.3+Medium_Demand!G10*0.3*0.8+Medium_Demand!G10*0.3*1.2 -> 5.7337e+08 | H10: =+Vaccine_Replacement_Effect!H10*0.05+Pandemic_Effect!H10*0.05+Medium_Demand!H10*0.3+Medium_Demand!H10*0.3*0.8+Medium_Demand!H10*0.3*1.2 -> 1.3616304e+08 | I10: =+Vaccine_Replacement_Effect!I10*0.05+Pandemic_Effect!I10*0.05+Medium_Demand!I10*0.3+Medium_Demand!I10*0.3*0.8+Medium_Demand!I10*0.3*1.2 -> 1.3639451e+08 | ... K10: =+Vaccine_Replacement_Effect!K10*0.05+Pandemic_Effect!K10*0.05+Medium_Demand!K10*0.3+Medium_Demand!K10*0.3*0.8+Medium_Demand!K10*0.3*1.2 -> 1.3976424e+08
A11: HPV | B11: =+Vaccine_Replacement_Effect!B11*0.05+Pandemic_Effect!B11*0.05+Medium_Demand!B11*0.3+Medium_Demand!B11*0.3*0.8+Medium_Demand!B11*0.3*1.2 -> 19000000 | C11: =+Vaccine_Replacement_Effect!C11*0.05+Pandemic_Effect!C11*0.05+Medium_Demand!C11*0.3+Medium_Demand!C11*0.3*0.8+Medium_Demand!C11*0.3*1.2 -> 18800000 | D11: =+Vaccine_Replacement_Effect!D11*0.05+Pandemic_Effect!D11*0.05+Medium_Demand!D11*0.3+Medium_Demand!D11*0.3*0.8+Medium_Demand!D11*0.3*1.2 -> 27500000 | E11: =+Vaccine_Replacement_Effect!E11*0.05+Pandemic_Effect!E11*0.05+Medium_Demand!E11*0.3+Medium_Demand!E11*0.3*0.8+Medium_Demand!E11*0.3*1.2 -> 72800000 | F11: =+Vaccine_Replacement_Effect!F11*0.05+Pandemic_Effect!F11*0.05+Medium_Demand!F11*0.3+Medium_Demand!F11*0.3*0.8+Medium_Demand!F11*0.3*1.2 -> 92700000 | G11: =+Vaccine_Replacement_Effect!G11*0.05+Pandemic_Effect!G11*0.05+Medium_Demand!G11*0.3+Medium_Demand!G11*0.3*0.8+Medium_Demand!G11*0.3*1.2 -> 64053000 | H11: =+Vaccine_Replacement_Effect!H11*0.05+Pandemic_Effect!H11*0.05+Medium_Demand!H11*0.3+Medium_Demand!H11*0.3*0.8+Medium_Demand!H11*0.3*1.2 -> 41778000 | I11: =+Vaccine_Replacement_Effect!I11*0.05+Pandemic_Effect!I11*0.05+Medium_Demand!I11*0.3+Medium_Demand!I11*0.3*0.8+Medium_Demand!I11*0.3*1.2 -> 42824000 | ... K11: =+Vaccine_Replacement_Effect!K11*0.05+Pandemic_Effect!K11*0.05+Medium_Demand!K11*0.3+Medium_Demand!K11*0.3*0.8+Medium_Demand!K11*0.3*1.2 -> 35000000
A12: Rotavirus | B12: =+Vaccine_Replacement_Effect!B12*0.05+Pandemic_Effect!B12*0.05+Medium_Demand!B12*0.3+Medium_Demand!B12*0.3*0.8+Medium_Demand!B12*0.3*1.2 -> 142500000 | C12: =+Vaccine_Replacement_Effect!C12*0.05+Pandemic_Effect!C12*0.05+Medium_Demand!C12*0.3+Medium_Demand!C12*0.3*0.8+Medium_Demand!C12*0.3*1.2 -> 166400000 | D12: =+Vaccine_Replacement_Effect!D12*0.05+Pandemic_Effect!D12*0.05+Medium_Demand!D12*0.3+Medium_Demand!D12*0.3*0.8+Medium_Demand!D12*0.3*1.2 -> 173800000 | E12: =+Vaccine_Replacement_Effect!E12*0.05+Pandemic_Effect!E12*0.05+Medium_Demand!E12*0.3+Medium_Demand!E12*0.3*0.8+Medium_Demand!E12*0.3*1.2 -> 186300000 | F12: =+Vaccine_Replacement_Effect!F12*0.05+Pandemic_Effect!F12*0.05+Medium_Demand!F12*0.3+Medium_Demand!F12*0.3*0.8+Medium_Demand!F12*0.3*1.2 -> 197700000 | G12: =+Vaccine_Replacement_Effect!G12*0.05+Pandemic_Effect!G12*0.05+Medium_Demand!G12*0.3+Medium_Demand!G12*0.3*0.8+Medium_Demand!G12*0.3*1.2 -> 203643000 | H12: =+Vaccine_Replacement_Effect!H12*0.05+Pandemic_Effect!H12*0.05+Medium_Demand!H12*0.3+Medium_Demand!H12*0.3*0.8+Medium_Demand!H12*0.3*1.2 -> 207504000 | I12: =+Vaccine_Replacement_Effect!I12*0.05+Pandemic_Effect!I12*0.05+Medium_Demand!I12*0.3+Medium_Demand!I12*0.3*0.8+Medium_Demand!I12*0.3*1.2 -> 209474000 | ... K12: =+Vaccine_Replacement_Effect!K12*0.05+Pandemic_Effect!K12*0.05+Medium_Demand!K12*0.3+Medium_Demand!K12*0.3*0.8+Medium_Demand!K12*0.3*1.2 -> 211800000
A13: PCV | B13: =+Vaccine_Replacement_Effect!B13*0.05+Pandemic_Effect!B13*0.05+Medium_Demand!B13*0.3+Medium_Demand!B13*0.3*0.8+Medium_Demand!B13*0.3*1.2 -> 160800000 | C13: =+Vaccine_Replacement_Effect!C13*0.05+Pandemic_Effect!C13*0.05+Medium_Demand!C13*0.3+Medium_Demand!C13*0.3*0.8+Medium_Demand!C13*0.3*1.2 -> 187000000 | D13: =+Vaccine_Replacement_Effect!D13*0.05+Pandemic_Effect!D13*0.05+Medium_Demand!D13*0.3+Medium_Demand!D13*0.3*0.8+Medium_Demand!D13*0.3*1.2 -> 209200000 | E13: =+Vaccine_Replacement_Effect!E13*0.05+Pandemic_Effect!E13*0.05+Medium_Demand!E13*0.3+Medium_Demand!E13*0.3*0.8+Medium_Demand!E13*0.3*1.2 -> 205900000 | F13: =+Vaccine_Replacement_Effect!F13*0.05+Pandemic_Effect!F13*0.05+Medium_Demand!F13*0.3+Medium_Demand!F13*0.3*0.8+Medium_Demand!F13*0.3*1.2 -> 221000000 | G13: =+Vaccine_Replacement_Effect!G13*0.05+Pandemic_Effect!G13*0.05+Medium_Demand!G13*0.3+Medium_Demand!G13*0.3*0.8+Medium_Demand!G13*0.3*1.2 -> 216909000 | H13: =+Vaccine_Replacement_Effect!H13*0.05+Pandemic_Effect!H13*0.05+Medium_Demand!H13*0.3+Medium_Demand!H13*0.3*0.8+Medium_Demand!H13*0.3*1.2 -> 220077000 | I13: =+Vaccine_Replacement_Effect!I13*0.05+Pandemic_Effect!I13*0.05+Medium_Demand!I13*0.3+Medium_Demand!I13*0.3*0.8+Medium_Demand!I13*0.3*1.2 -> 219473000 | ... K13: =+Vaccine_Replacement_Effect!K13*0.05+Pandemic_Effect!K13*0.05+Medium_Demand!K13*0.3+Medium_Demand!K13*0.3*0.8+Medium_Demand!K13*0.3*1.2 -> 220200000

Sheet M Pricing
B1: 1 | C1: 2 | D1: 3 | E1: 4 | F1: 5 | G1: 6 | H1: 7 | I1: 8 | J1: 9 | K1: 10 | L1: 11 | M1: 12 | N1: 13 | O1: 14 | P1: 15 | Q1: 16 | R1: 17 | S1: 18 | T1: 19 | U1: 20 | V1: 21 | W1: 22 | X1: 23 | Y1: 24 | Z1: 25 | AA1: 26 | AB1: 27 | AC1: 28 | AD1: 29 | AE1: 30 | AF1: 31 | AG1: 32 | AH1: 33 | AI1: 34 | AJ1: 35 | AK1: 36 | AL1: 37 | AM1: 38 | AN1: 39 | AO1: 40 | AP1: 41 | AQ1: 42 | AR1: 43 | AS1: 44 | AT1: 45 | AU1: 46 | AV1: 47 | AW1: 48 | AX1: 49 | AY1: 50
A2: PT_Bio | B2: 0.25 | C2: 0.26 | D2: 0.27 | E2: =AVERAGE(C2:D2) -> 0.265 | F2: =AVERAGE(D2:E2) -> 0.2675 | G2: =AVERAGE(E2:F2) -> 0.26625 | H2: =AVERAGE(F2:G2) -> 0.266875 | I2: =AVERAGE(G2:H2) -> 0.2665625 | J2: =AVERAGE(H2:I2) -> 0.26671875 | K2: =AVERAGE(I2:J2) -> 0.26664062 | L2: =AVERAGE(J2:K2) -> 0.26667969 | ... AY2: =AVERAGE(AW2:AX2) -> 0.26666667
A3: Serum_Institute | B3: 0.392 | C3: 0.4305 | D3: 0.44 | E3: =AVERAGE(C3:D3) -> 0.43525 | F3: =AVERAGE(D3:E3) -> 0.437625 | G3: =AVERAGE(E3:F3) -> 0.4364375 | H3: =AVERAGE(F3:G3) -> 0.43703125 | I3: =AVERAGE(G3:H3) -> 0.43673438 | J3: =AVERAGE(H3:I3) -> 0.43688281 | K3: =AVERAGE(I3:J3) -> 0.43680859 | L3: =AVERAGE(J3:K3) -> 0.4368457 | ... AY3: =AVERAGE(AW3:AX3) -> 0.43683333
K9: S

Sheet MR Pricing
B1: 1 | C1: 2 | D1: 3 | E1: 4 | F1: 5 | G1: 6 | H1: 7 | I1: 8 | J1: 9 | K1: 10 | L1: 11 | M1: 12 | N1: 13 | O1: 14 | P1: 15 | Q1: 16 | R1: 17 | S1: 18 | T1: 19 | U1: 20 | V1: 21 | W1: 22 | X1: 23 | Y1: 24 | Z1: 25 | AA1: 26 | AB1: 27 | AC1: 28 | AD1: 29 | AE1: 30 | AF1: 31 | AG1: 32 | AH1: 33 | AI1: 34 | AJ1: 35 | AK1: 36 | AL1: 37 | AM1: 38 | AN1: 39 | AO1: 40 | AP1: 41 | AQ1: 42 | AR1: 43 | AS1: 44 | AT1: 45 | AU1: 46 | AV1: 47 | AW1: 48 | AX1: 49 | AY1: 50
A2: Serum_Institute | B2: 0.8115 | C2: 0.8925 | D2: 0.89 | E2: 0.89125 | F2: 0.890625 | G2: 0.8909375 | H2: 0.89078125 | I2: 0.89085938 | J2: 0.89082031 | K2: 0.89083984 | L2: =AVERAGE(J2:K2) -> 0.89083008 | M2: =AVERAGE(K2:L2) -> 0.89083496 | N2: =AVERAGE(L2:M2) -> 0.89083252 | O2: =AVERAGE(M2:N2) -> 0.89083374 | P2: =AVERAGE(N2:O2) -> 0.89083313 | Q2: =AVERAGE(O2:P2) -> 0.89083344 | R2: =AVERAGE(P2:Q2) -> 0.89083328 | S2: =AVERAGE(Q2:R2) -> 0.89083336 | ... AY2: =AVERAGE(AW2:AX2) -> 0.89083333
A3: Biological_E | B3: 0.6995 | C3: 0.819 | D3: 0.87 | E3: 0.9445 | F3: 0.90725 | G3: 0.925875 | H3: 0.9165625 | I3: 0.92121875 | J3: 0.91889062 | K3: 0.92005469 | L3: =AVERAGE(J3:K3) -> 0.91947266 | M3: =AVERAGE(K3:L3) -> 0.91976367 | N3: =AVERAGE(L3:M3) -> 0.91961816 | O3: =AVERAGE(M3:N3) -> 0.91969092 | P3: =AVERAGE(N3:O3) -> 0.91965454 | Q3: =AVERAGE(O3:P3) -> 0.91967273 | R3: =AVERAGE(P3:Q3) -> 0.91966364 | S3: =AVERAGE(Q3:R3) -> 0.91966818 | ... AY3: =AVERAGE(AW3:AX3) -> 0.91966667

Sheet MMR Pricing
B1: 1 | C1: 2 | D1: 3 | E1: 4 | F1: 5 | G1: 6 | H1: 7 | I1: 8 | J1: 9 | K1: 10 | L1: 11 | M1: 12 | N1: 13 | O1: 14 | P1: 15 | Q1: 16 | R1: 17 | S1: 18 | T1: 19 | U1: 20 | V1: 21 | W1: 22 | X1: 23 | Y1: 24 | Z1: 25 | AA1: 26 | AB1: 27 | AC1: 28 | AD1: 29 | AE1: 30 | AF1: 31 | AG1: 32 | AH1: 33 | AI1: 34 | AJ1: 35 | AK1: 36 | AL1: 37 | AM1: 38 | AN1: 39 | AO1: 40 | AP1: 41 | AQ1: 42 | AR1: 43 | AS1: 44 | AT1: 45 | AU1: 46 | AV1: 47 | AW1: 48 | AX1: 49 | AY1: 50
A2: Serum_Institute | B2: 1.944 | C2: 2.1363333 | D2: 2.3483333 | E2: 2.2423333 | F2: 2.2953333 | G2: 2.2688333 | H2: 2.2820833 | I2: 2.2754583 | J2: 2.2787708 | K2: 2.2771146 | L2: =AVERAGE(J2:K2) -> 2.2779427 | M2: =AVERAGE(K2:L2) -> 2.2775286 | N2: =AVERAGE(L2:M2) -> 2.2777357 | O2: =AVERAGE(M2:N2) -> 2.2776322 | P2: =AVERAGE(N2:O2) -> 2.2776839 | Q2: =AVERAGE(O2:P2) -> 2.277658 | R2: =AVERAGE(P2:Q2) -> 2.277671 | S2: =AVERAGE(Q2:R2) -> 2.2776645 | ... AY2: =AVERAGE(AW2:AX2) -> 2.2776667
A3: GSK | B3: 4.47 | C3: 4.47 | D3: 4.47 | E3: 4.47 | F3: 4.47 | G3: 4.47 | H3: 4.47 | I3: 4.47 | J3: 4.47 | K3: 4.47 | L3: =AVERAGE(J3:K3) -> 4.47 | M3: =AVERAGE(K3:L3) -> 4.47 | N3: =AVERAGE(L3:M3) -> 4.47 | O3: =AVERAGE(M3:N3) -> 4.47 | P3: =AVERAGE(N3:O3) -> 4.47 | Q3: =AVERAGE(O3:P3) -> 4.47 | R3: =AVERAGE(P3:Q3) -> 4.47 | S3: =AVERAGE(Q3:R3) -> 4.47 | ... AY3: =AVERAGE(AW3:AX3) -> 4.47
A4: Merck_Sharp | B4: 4.47 | C4: 4.47 | D4: 4.47 | E4: 4.47 | F4: 4.47 | G4: 4.47 | H4: 4.47 | I4: 4.47 | J4: 4.47 | K4: 4.47 | L4: =AVERAGE(J4:K4) -> 4.47 | M4: =AVERAGE(K4:L4) -> 4.47 | N4: =AVERAGE(L4:M4) -> 4.47 | O4: =AVERAGE(M4:N4) -> 4.47 | P4: =AVERAGE(N4:O4) -> 4.47 | Q4: =AVERAGE(O4:P4) -> 4.47 | R4: =AVERAGE(P4:Q4) -> 4.47 | S4: =AVERAGE(Q4:R4) -> 4.47 | ... AY4: =AVERAGE(AW4:AX4) -> 4.47

Sheet HPV Pricing
B1: 1 | C1: 2 | D1: 3 | E1: 4 | F1: 5 | G1: 6 | H1: 7 | I1: 8 | J1: 9 | K1: 10 | L1: 11 | M1: 12 | N1: 13 | O1: 14 | P1: 15 | Q1: 16 | R1: 17 | S1: 18 | T1: 19 | U1: 20 | V1: 21 | W1: 22 | X1: 23 | Y1: 24 | Z1: 25 | AA1: 26 | AB1: 27 | AC1: 28 | AD1: 29 | AE1: 30 | AF1: 31 | AG1: 32 | AH1: 33 | AI1: 34 | AJ1: 35 | AK1: 36 | AL1: 37 | AM1: 38 | AN1: 39 | AO1: 40 | AP1: 41 | AQ1: 42 | AR1: 43 | AS1: 44 | AT1: 45 | AU1: 46 | AV1: 47 | AW1: 48 | AX1: 49 | AY1: 50
A2: Xiamen_Innovax | B2: 2.9 | C2: 2.9 | D2: 2.9 | E2: 2.9 | F2: 2.9 | G2: 2.9 | H2: 2.9 | I2: 2.9 | J2: 2.9 | K2: 2.9 | L2: =AVERAGE(J2:K2) -> 2.9 | M2: =AVERAGE(K2:L2) -> 2.9 | N2: =AVERAGE(L2:M2) -> 2.9 | O2: =AVERAGE(M2:N2) -> 2.9 | P2: =AVERAGE(N2:O2) -> 2.9 | Q2: =AVERAGE(O2:P2) -> 2.9 | R2: =AVERAGE(P2:Q2) -> 2.9 | S2: =AVERAGE(Q2:R2) -> 2.9 | ... AY2: =AVERAGE(AW2:AX2) -> 2.9
A3: GSK | B3: 4.6 | C3: 5.18 | D3: 5.18 | E3: 5.18 | F3: 5.18 | G3: 5.18 | H3: 5.18 | I3: 5.18 | J3: 5.18 | K3: 5.18 | L3: =AVERAGE(J3:K3) -> 5.18 | M3: =AVERAGE(K3:L3) -> 5.18 | N3: =AVERAGE(L3:M3) -> 5.18 | O3: =AVERAGE(M3:N3) -> 5.18 | P3: =AVERAGE(N3:O3) -> 5.18 | Q3: =AVERAGE(O3:P3) -> 5.18 | R3: =AVERAGE(P3:Q3) -> 5.18 | S3: =AVERAGE(Q3:R3) -> 5.18 | ... AY3: =AVERAGE(AW3:AX3) -> 5.18
A4: Merck_Sharp | B4: 4.5 | C4: 4.5 | D4: 4.5 | E4: 4.5 | F4: 4.5 | G4: 4.5 | H4: 4.5 | I4: 4.5 | J4: 4.5 | K4: 4.5 | L4: =AVERAGE(J4:K4) -> 4.5 | M4: =AVERAGE(K4:L4) -> 4.5 | N4: =AVERAGE(L4:M4) -> 4.5 | O4: =AVERAGE(M4:N4) -> 4.5 | P4: =AVERAGE(N4:O4) -> 4.5 | Q4: =AVERAGE(O4:P4) -> 4.5 | R4: =AVERAGE(P4:Q4) -> 4.5 | S4: =AVERAGE(Q4:R4) -> 4.5 | ... AY4: =AVERAGE(AW4:AX4) -> 4.5

Sheet OPV Pricing
B1: 1 | C1: 2 | D1: 3 | E1: 4 | F1: 5 | G1: 6 | H1: 7 | I1: 8 | J1: 9 | K1: 10 | L1: 11 | M1: 12 | N1: 13 | O1: 14 | P1: 15 | Q1: 16 | R1: 17 | S1: 18 | T1: 19 | U1: 20 | V1: 21 | W1: 22 | X1: 23 | Y1: 24 | Z1: 25 | AA1: 26 | AB1: 27 | AC1: 28 | AD1: 29 | AE1: 30 | AF1: 31 | AG1: 32 | AH1: 33 | AI1: 34 | AJ1: 35 | AK1: 36 | AL1: 37 | AM1: 38 | AN1: 39 | AO1: 40 | AP1: 41 | AQ1: 42 | AR1: 43 | AS1: 44 | AT1: 45 | AU1: 46 | AV1: 47 | AW1: 48 | AX1: 49 | AY1: 50
A2: Bharat_Biotech | B2: 0.15925 | C2: 0.15925 | D2: 0.15925 | E2: 0.15925 | F2: 0.15925 | G2: 0.15925 | H2: 0.15925 | I2: 0.15925 | J2: 0.15925 | K2: 0.15925 | L2: =AVERAGE(J2:K2) -> 0.15925 | M2: =AVERAGE(K2:L2) -> 0.15925 | N2: =AVERAGE(L2:M2) -> 0.15925 | O2: =AVERAGE(M2:N2) -> 0.15925 | P2: =AVERAGE(N2:O2) -> 0.15925 | Q2: =AVERAGE(O2:P2) -> 0.15925 | R2: =AVERAGE(P2:Q2) -> 0.15925 | S2: =AVERAGE(Q2:R2) -> 0.15925 | ... AY2: =AVERAGE(AW2:AX2) -> 0.15925
A3: PT_Bio | B3: 0.13125 | C3: 0.13125 | D3: 0.13125 | E3: 0.13125 | F3: 0.13125 | G3: 0.13125 | H3: 0.13125 | I3: 0.13125 | J3: 0.13125 | K3: 0.13125 | L3: =AVERAGE(J3:K3) -> 0.13125 | M3: =AVERAGE(K3:L3) -> 0.13125 | N3: =AVERAGE(L3:M3) -> 0.13125 | O3: =AVERAGE(M3:N3) -> 0.13125 | P3: =AVERAGE(N3:O3) -> 0.13125 | Q3: =AVERAGE(O3:P3) -> 0.13125 | R3: =AVERAGE(P3:Q3) -> 0.13125 | S3: =AVERAGE(Q3:R3) -> 0.13125 | ... AY3: =AVERAGE(AW3:AX3) -> 0.13125
A4: GSK | B4: 0.1575 | C4: 0.1575 | D4: 0.1575 | E4: 0.1575 | F4: 0.1575 | G4: 0.1575 | H4: 0.1575 | I4: 0.1575 | J4: 0.1575 | K4: 0.1575 | L4: =AVERAGE(J4:K4) -> 0.1575 | M4: =AVERAGE(K4:L4) -> 0.1575 | N4: =AVERAGE(L4:M4) -> 0.1575 | O4: =AVERAGE(M4:N4) -> 0.1575 | P4: =AVERAGE(N4:O4) -> 0.1575 | Q4: =AVERAGE(O4:P4) -> 0.1575 | R4: =AVERAGE(P4:Q4) -> 0.1575 | S4: =AVERAGE(Q4:R4) -> 0.1575 | ... AY4: =AVERAGE(AW4:AX4) -> 0.1575
A5: Beijing_Institute | B5: 0.0889 | C5: 0.12 | D5: 0.12 | E5: 0.12 | F5: 0.12 | G5: 0.12 | H5: 0.12 | I5: 0.12 | J5: 0.12 | K5: 0.12 | L5: =AVERAGE(J5:K5) -> 0.12 | M5: =AVERAGE(K5:L5) -> 0.12 | N5: =AVERAGE(L5:M5) -> 0.12 | O5: =AVERAGE(M5:N5) -> 0.12 | P5: =AVERAGE(N5:O5) -> 0.12 | Q5: =AVERAGE(O5:P5) -> 0.12 | R5: =AVERAGE(P5:Q5) -> 0.12 | S5: =AVERAGE(Q5:R5) -> 0.12 | ... AY5: =AVERAGE(AW5:AX5) -> 0.12
A6: Haffkine_Bio | B6: 0.11 | C6: 0.11 | D6: 0.11 | E6: 0.11 | F6: 0.11 | G6: 0.11 | H6: 0.11 | I6: 0.11 | J6: 0.11 | K6: 0.11 | L6: =AVERAGE(J6:K6) -> 0.11 | M6: =AVERAGE(K6:L6) -> 0.11 | N6: =AVERAGE(L6:M6) -> 0.11 | O6: =AVERAGE(M6:N6) -> 0.11 | P6: =AVERAGE(N6:O6) -> 0.11 | Q6: =AVERAGE(O6:P6) -> 0.11 | R6: =AVERAGE(P6:Q6) -> 0.11 | S6: =AVERAGE(Q6:R6) -> 0.11 | ... AY6: =AVERAGE(AW6:AX6) -> 0.11
A7: Sanofi_Pasteur | B7: 0.165 | C7: 0.165 | D7: 0.165 | E7: 0.165 | F7: 0.165 | G7: 0.165 | H7: 0.165 | I7: 0.165 | J7: 0.165 | K7: 0.165 | L7: =AVERAGE(J7:K7) -> 0.165 | M7: =AVERAGE(K7:L7) -> 0.165 | N7: =AVERAGE(L7:M7) -> 0.165 | O7: =AVERAGE(M7:N7) -> 0.165 | P7: =AVERAGE(N7:O7) -> 0.165 | Q7: =AVERAGE(O7:P7) -> 0.165 | R7: =AVERAGE(P7:Q7) -> 0.165 | S7: =AVERAGE(Q7:R7) -> 0.165 | ... AY7: =AVERAGE(AW7:AX7) -> 0.165
A8: Serum_Institute | B8: 0.13 | C8: 0.13 | D8: 0.13 | E8: 0.13 | F8: 0.13 | G8: 0.13 | H8: 0.13 | I8: 0.13 | J8: 0.13 | K8: 0.13 | L8: =AVERAGE(J8:K8) -> 0.13 | M8: =AVERAGE(K8:L8) -> 0.13 | N8: =AVERAGE(L8:M8) -> 0.13 | O8: =AVERAGE(M8:N8) -> 0.13 | P8: =AVERAGE(N8:O8) -> 0.13 | Q8: =AVERAGE(O8:P8) -> 0.13 | R8: =AVERAGE(P8:Q8) -> 0.13 | S8: =AVERAGE(Q8:R8) -> 0.13 | ... AY8: =AVERAGE(AW8:AX8) -> 0.13
A9: Panacea_Biotec | B9: 0.1225 | C9: 0.1225 | D9: 0.1225 | E9: 0.1225 | F9: 0.1225 | G9: 0.1225 | H9: 0.1225 | I9: 0.1225 | J9: 0.1225 | K9: 0.1225 | L9: =AVERAGE(J9:K9) -> 0.1225 | M9: =AVERAGE(K9:L9) -> 0.1225 | N9: =AVERAGE(L9:M9) -> 0.1225 | O9: =AVERAGE(M9:N9) -> 0.1225 | P9: =AVERAGE(N9:O9) -> 0.1225 | Q9: =AVERAGE(O9:P9) -> 0.1225 | R9: =AVERAGE(P9:Q9) -> 0.1225 | S9: =AVERAGE(Q9:R9) -> 0.1225 | ... AY9: =AVERAGE(AW9:AX9) -> 0.1225

Sheet IPV Pricing
B1: 1 | C1: 2 | D1: 3 | E1: 4 | F1: 5 | G1: 6 | H1: 7 | I1: 8 | J1: 9 | K1: 10 | L1: 11 | M1: 12 | N1: 13 | O1: 14 | P1: 15 | Q1: 16 | R1: 17 | S1: 18 | T1: 19 | U1: 20 | V1: 21 | W1: 22 | X1: 23 | Y1: 24 | Z1: 25 | AA1: 26 | AB1: 27 | AC1: 28 | AD1: 29 | AE1: 30 | AF1: 31 | AG1: 32 | AH1: 33 | AI1: 34 | AJ1: 35 | AK1: 36 | AL1: 37 | AM1: 38 | AN1: 39 | AO1: 40 | AP1: 41 | AQ1: 42 | AR1: 43 | AS1: 44 | AT1: 45 | AU1: 46 | AV1: 47 | AW1: 48 | AX1: 49 | AY1: 50
A2: Bilthoven | B2: 2.95 | C2: 2.65 | D2: 2.25 | E2: 1.9058333 | F2: 1.9058333 | G2: 1.9058333 | H2: 1.9058333 | I2: 1.9058333 | J2: 1.9058333 | K2: 1.9058333 | L2: =AVERAGE(J2:K2) -> 1.9058333 | M2: =AVERAGE(K2:L2) -> 1.9058333 | N2: =AVERAGE(L2:M2) -> 1.9058333 | O2: =AVERAGE(M2:N2) -> 1.9058333 | P2: =AVERAGE(N2:O2) -> 1.9058333 | Q2: =AVERAGE(O2:P2) -> 1.9058333 | R2: =AVERAGE(P2:Q2) -> 1.9058333 | S2: =AVERAGE(Q2:R2) -> 1.9058333 | ... AY2: =AVERAGE(AW2:AX2) -> 1.9058333
A3: AJ_Vaccines | B3: 2.45 | C3: 1.9 | D3: 1.85 | E3: 1.85 | F3: 1.85 | G3: 1.85 | H3: 1.85 | I3: 1.85 | J3: 1.85 | K3: 1.85 | L3: =AVERAGE(J3:K3) -> 1.85 | M3: =AVERAGE(K3:L3) -> 1.85 | N3: =AVERAGE(L3:M3) -> 1.85 | O3: =AVERAGE(M3:N3) -> 1.85 | P3: =AVERAGE(N3:O3) -> 1.85 | Q3: =AVERAGE(O3:P3) -> 1.85 | R3: =AVERAGE(P3:Q3) -> 1.85 | S3: =AVERAGE(Q3:R3) -> 1.85 | ... AY3: =AVERAGE(AW3:AX3) -> 1.85
A4: LG_Chem | B4: 1.75 | C4: 1.5 | D4: 1.25 | E4: 1.25 | F4: 1.25 | G4: 1.25 | H4: 1.25 | I4: 1.25 | J4: 1.25 | K4: 1.25 | L4: =AVERAGE(J4:K4) -> 1.25 | M4: =AVERAGE(K4:L4) -> 1.25 | N4: =AVERAGE(L4:M4) -> 1.25 | O4: =AVERAGE(M4:N4) -> 1.25 | P4: =AVERAGE(N4:O4) -> 1.25 | Q4: =AVERAGE(O4:P4) -> 1.25 | R4: =AVERAGE(P4:Q4) -> 1.25 | S4: =AVERAGE(Q4:R4) -> 1.25 | ... AY4: =AVERAGE(AW4:AX4) -> 1.25
A5: Sanofi_Pasteur | B5: 1.9005 | C5: 1.9005 | D5: 1.9005 | E5: 2.6775 | F5: 2.6775 | G5: 2.6775 | H5: 2.6775 | I5: 2.6775 | J5: 2.6775 | K5: 2.6775 | L5: =AVERAGE(J5:K5) -> 2.6775 | M5: =AVERAGE(K5:L5) -> 2.6775 | N5: =AVERAGE(L5:M5) -> 2.6775 | O5: =AVERAGE(M5:N5) -> 2.6775 | P5: =AVERAGE(N5:O5) -> 2.6775 | Q5: =AVERAGE(O5:P5) -> 2.6775 | R5: =AVERAGE(P5:Q5) -> 2.6775 | S5: =AVERAGE(Q5:R5) -> 2.6775 | ... AY5: =AVERAGE(AW5:AX5) -> 2.6775

Sheet HepB Pricing
B1: 1 | C1: 2 | D1: 3 | E1: 4 | F1: 5 | G1: 6 | H1: 7 | I1: 8 | J1: 9 | K1: 10 | L1: 11 | M1: 12 | N1: 13 | O1: 14 | P1: 15 | Q1: 16 | R1: 17 | S1: 18 | T1: 19 | U1: 20 | V1: 21 | W1: 22 | X1: 23 | Y1: 24 | Z1: 25 | AA1: 26 | AB1: 27 | AC1: 28 | AD1: 29 | AE1: 30 | AF1: 31 | AG1: 32 | AH1: 33 | AI1: 34 | AJ1: 35 | AK1: 36 | AL1: 37 | AM1: 38 | AN1: 39 | AO1: 40 | AP1: 41 | AQ1: 42 | AR1: 43 | AS1: 44 | AT1: 45 | AU1: 46 | AV1: 47 | AW1: 48 | AX1: 49 | AY1: 50
A2: LG_Chem | B2: 0.425 | C2: 0.425 | D2: 0.425 | E2: 0.425 | F2: 0.425 | G2: 0.425 | H2: 0.425 | I2: 0.425 | J2: 0.425 | K2: 0.425 | L2: =AVERAGE(J2:K2) -> 0.425 | M2: =AVERAGE(K2:L2) -> 0.425 | N2: =AVERAGE(L2:M2) -> 0.425 | O2: =AVERAGE(M2:N2) -> 0.425 | P2: =AVERAGE(N2:O2) -> 0.425 | Q2: =AVERAGE(O2:P2) -> 0.425 | R2: =AVERAGE(P2:Q2) -> 0.425 | S2: =AVERAGE(Q2:R2) -> 0.425 | ... AY2: =AVERAGE(AW2:AX2) -> 0.425
A3: Serum_Institute | B3: 0.4325 | C3: 0.4325 | D3: 0.4325 | E3: 0.4325 | F3: 0.4325 | G3: 0.4325 | H3: 0.4325 | I3: 0.4325 | J3: 0.4325 | K3: 0.4325 | L3: =AVERAGE(J3:K3) -> 0.4325 | M3: =AVERAGE(K3:L3) -> 0.4325 | N3: =AVERAGE(L3:M3) -> 0.4325 | O3: =AVERAGE(M3:N3) -> 0.4325 | P3: =AVERAGE(N3:O3) -> 0.4325 | Q3: =AVERAGE(O3:P3) -> 0.4325 | R3: =AVERAGE(P3:Q3) -> 0.4325 | S3: =AVERAGE(Q3:R3) -> 0.4325 | ... AY3: =AVERAGE(AW3:AX3) -> 0.4325

Sheet Hexa Pricing
B1: 1 | C1: 2 | D1: 3 | E1: 4 | F1: 5 | G1: 6 | H1: 7 | I1: 8 | J1: 9 | K1: 10 | L1: 11 | M1: 12 | N1: 13 | O1: 14 | P1: 15 | Q1: 16 | R1: 17 | S1: 18 | T1: 19 | U1: 20 | V1: 21 | W1: 22 | X1: 23 | Y1: 24 | Z1: 25 | AA1: 26 | AB1: 27 | AC1: 28 | AD1: 29 | AE1: 30 | AF1: 31 | AG1: 32 | AH1: 33 | AI1: 34 | AJ1: 35 | AK1: 36 | AL1: 37 | AM1: 38 | AN1: 39 | AO1: 40 | AP1: 41 | AQ1: 42 | AR1: 43 | AS1: 44 | AT1: 45 | AU1: 46 | AV1: 47 | AW1: 48 | AX1: 49 | AY1: 50
A2: Sanofi_Pasteur | B2: 4.9 | C2: 4.5 | D2: 4.7 | E2: 4.6 | F2: 4.65 | G2: 4.625 | H2: 4.6375 | I2: 4.63125 | J2: 4.634375 | K2: 4.6328125 | L2: =AVERAGE(J2:K2) -> 4.6335938 | M2: =AVERAGE(K2:L2) -> 4.6332031 | N2: =AVERAGE(L2:M2) -> 4.6333984 | O2: =AVERAGE(M2:N2) -> 4.6333008 | P2: =AVERAGE(N2:O2) -> 4.6333496 | Q2: =AVERAGE(O2:P2) -> 4.6333252 | R2: =AVERAGE(P2:Q2) -> 4.6333374 | S2: =AVERAGE(Q2:R2) -> 4.6333313 | ... AY2: =AVERAGE(AW2:AX2) -> 4.6333333

Sheet Penta Pricing
B1: 1 | C1: 2 | D1: 3 | E1: 4 | F1: 5 | G1: 6 | H1: 7 | I1: 8 | J1: 9 | K1: 10 | L1: 11 | M1: 12 | N1: 13 | O1: 14 | P1: 15 | Q1: 16 | R1: 17 | S1: 18 | T1: 19 | U1: 20 | V1: 21 | W1: 22 | X1: 23 | Y1: 24 | Z1: 25 | AA1: 26 | AB1: 27 | AC1: 28 | AD1: 29 | AE1: 30 | AF1: 31 | AG1: 32 | AH1: 33 | AI1: 34 | AJ1: 35 | AK1: 36 | AL1: 37 | AM1: 38 | AN1: 39 | AO1: 40 | AP1: 41 | AQ1: 42 | AR1: 43 | AS1: 44 | AT1: 45 | AU1: 46 | AV1: 47 | AW1: 48 | AX1: 49 | AY1: 50
A2: Serum_Institute | B2: 1.0625 | C2: 1.0625 | D2: 1.0625 | E2: 1.0625 | F2: 1.0625 | G2: 1.0625 | H2: 1.0625 | I2: 1.0625 | J2: 1.0625 | K2: 1.0625 | L2: =AVERAGE(J2:K2) -> 1.0625 | M2: =AVERAGE(K2:L2) -> 1.0625 | N2: =AVERAGE(L2:M2) -> 1.0625 | O2: =AVERAGE(M2:N2) -> 1.0625 | P2: =AVERAGE(N2:O2) -> 1.0625 | Q2: =AVERAGE(O2:P2) -> 1.0625 | R2: =AVERAGE(P2:Q2) -> 1.0625 | S2: =AVERAGE(Q2:R2) -> 1.0625 | ... AY2: =AVERAGE(AW2:AX2) -> 1.0625
A3: Biological_E | B3: 0.981 | C3: 0.981 | D3: 1.0575 | E3: 1.0575 | F3: 1.0575 | G3: 1.0575 | H3: 1.0575 | I3: 1.0575 | J3: 1.0575 | K3: 1.0575 | L3: =AVERAGE(J3:K3) -> 1.0575 | M3: =AVERAGE(K3:L3) -> 1.0575 | N3: =AVERAGE(L3:M3) -> 1.0575 | O3: =AVERAGE(M3:N3) -> 1.0575 | P3: =AVERAGE(N3:O3) -> 1.0575 | Q3: =AVERAGE(O3:P3) -> 1.0575 | R3: =AVERAGE(P3:Q3) -> 1.0575 | S3: =AVERAGE(Q3:R3) -> 1.0575 | ... AY3: =AVERAGE(AW3:AX3) -> 1.0575
A4: Panacea_Biotec | B4: 1.05 | C4: 1.05 | D4: 1.05 | E4: 1.05 | F4: 1.05 | G4: 1.05 | H4: 1.05 | I4: 1.05 | J4: 1.05 | K4: 1.05 | L4: =AVERAGE(J4:K4) -> 1.05 | M4: =AVERAGE(K4:L4) -> 1.05 | N4: =AVERAGE(L4:M4) -> 1.05 | O4: =AVERAGE(M4:N4) -> 1.05 | P4: =AVERAGE(N4:O4) -> 1.05 | Q4: =AVERAGE(O4:P4) -> 1.05 | R4: =AVERAGE(P4:Q4) -> 1.05 | S4: =AVERAGE(Q4:R4) -> 1.05 | ... AY4: =AVERAGE(AW4:AX4) -> 1.05
A5: LG_Chem | B5: 0.78 | C5: 0.78 | D5: 0.78 | E5: 0.78 | F5: 0.835 | G5: 0.8075 | H5: 0.82125 | I5: 0.814375 | J5: 0.8178125 | K5: 0.81609375 | L5: =AVERAGE(J5:K5) -> 0.81695313 | M5: =AVERAGE(K5:L5) -> 0.81652344 | N5: =AVERAGE(L5:M5) -> 0.81673828 | O5: =AVERAGE(M5:N5) -> 0.81663086 | P5: =AVERAGE(N5:O5) -> 0.81668457 | Q5: =AVERAGE(O5:P5) -> 0.81665771 | R5: =AVERAGE(P5:Q5) -> 0.81667114 | S5: =AVERAGE(Q5:R5) -> 0.81666443 | ... AY5: =AVERAGE(AW5:AX5) -> 0.81666667
A6: PT_Bio | B6: 0.97 | C6: 0.97 | D6: 0.99 | E6: 0.99 | F6: 1 | G6: 0.99 | H6: 1 | I6: 1 | J6: 1 | K6: 1 | L6: =AVERAGE(J6:K6) -> 1 | M6: =AVERAGE(K6:L6) -> 1 | N6: =AVERAGE(L6:M6) -> 1 | O6: =AVERAGE(M6:N6) -> 1 | P6: =AVERAGE(N6:O6) -> 1 | Q6: =AVERAGE(O6:P6) -> 1 | R6: =AVERAGE(P6:Q6) -> 1 | S6: =AVERAGE(Q6:R6) -> 1 | ... AY6: =AVERAGE(AW6:AX6) -> 1
A33: SERUM LIFE SCIENCES (United Kingdom) | D33: 0.85 | E33: 0.85
A34: SERUM LIFE SCIENCES (United Kingdom) | D34: 1.29 | E34: 1.29

Sheet DTwP Pricing
B1: 1 | C1: 2 | D1: 3 | E1: 4 | F1: 5 | G1: 6 | H1: 7 | I1: 8 | J1: 9 | K1: 10 | L1: 11 | M1: 12 | N1: 13 | O1: 14 | P1: 15 | Q1: 16 | R1: 17 | S1: 18 | T1: 19 | U1: 20 | V1: 21 | W1: 22 | X1: 23 | Y1: 24 | Z1: 25 | AA1: 26 | AB1: 27 | AC1: 28 | AD1: 29 | AE1: 30 | AF1: 31 | AG1: 32 | AH1: 33 | AI1: 34 | AJ1: 35 | AK1: 36 | AL1: 37 | AM1: 38 | AN1: 39 | AO1: 40 | AP1: 41 | AQ1: 42 | AR1: 43 | AS1: 44 | AT1: 45 | AU1: 46 | AV1: 47 | AW1: 48 | AX1: 49 | AY1: 50
A2: Biological_E | B2: 0.189 | C2: 0.189 | D2: 0.189 | E2: 0.189 | F2: 0.189 | G2: 0.189 | H2: 0.189 | I2: 0.189 | J2: 0.189 | K2: 0.189 | L2: =AVERAGE(J2:K2) -> 0.189 | M2: =AVERAGE(K2:L2) -> 0.189 | N2: =AVERAGE(L2:M2) -> 0.189 | O2: =AVERAGE(M2:N2) -> 0.189 | P2: =AVERAGE(N2:O2) -> 0.189 | Q2: =AVERAGE(O2:P2) -> 0.189 | R2: =AVERAGE(P2:Q2) -> 0.189 | S2: =AVERAGE(Q2:R2) -> 0.189 | ... AY2: =AVERAGE(AW2:AX2) -> 0.189
A3: Serum_Institute | B3: 0.165 | C3: 0.165 | D3: 0.165 | E3: 0.165 | F3: 0.165 | G3: 0.165 | H3: 0.165 | I3: 0.165 | J3: 0.165 | K3: 0.165 | L3: =AVERAGE(J3:K3) -> 0.165 | M3: =AVERAGE(K3:L3) -> 0.165 | N3: =AVERAGE(L3:M3) -> 0.165 | O3: =AVERAGE(M3:N3) -> 0.165 | P3: =AVERAGE(N3:O3) -> 0.165 | Q3: =AVERAGE(O3:P3) -> 0.165 | R3: =AVERAGE(P3:Q3) -> 0.165 | S3: =AVERAGE(Q3:R3) -> 0.165 | ... AY3: =AVERAGE(AW3:AX3) -> 0.165

Sheet Td Pricing
B1: 1 | C1: 2 | D1: 3 | E1: 4 | F1: 5 | G1: 6 | H1: 7 | I1: 8 | J1: 9 | K1: 10 | L1: 11 | M1: 12 | N1: 13 | O1: 14 | P1: 15 | Q1: 16 | R1: 17 | S1: 18 | T1: 19 | U1: 20 | V1: 21 | W1: 22 | X1: 23 | Y1: 24 | Z1: 25 | AA1: 26 | AB1: 27 | AC1: 28 | AD1: 29 | AE1: 30 | AF1: 31 | AG1: 32 | AH1: 33 | AI1: 34 | AJ1: 35 | AK1: 36 | AL1: 37 | AM1: 38 | AN1: 39 | AO1: 40 | AP1: 41 | AQ1: 42 | AR1: 43 | AS1: 44 | AT1: 45 | AU1: 46 | AV1: 47 | AW1: 48 | AX1: 49 | AY1: 50
A2: PT_Bio | B2: 0.09 | C2: 0.09 | D2: 0.123 | E2: 0.13 | F2: 0.138 | G2: 0.143 | H2: 0.148 | I2: 0.1455 | J2: 0.14675 | K2: 0.146125 | L2: =AVERAGE(J2:K2) -> 0.1464375 | M2: =AVERAGE(K2:L2) -> 0.14628125 | N2: =AVERAGE(L2:M2) -> 0.14635938 | O2: =AVERAGE(M2:N2) -> 0.14632031 | P2: =AVERAGE(N2:O2) -> 0.14633984 | Q2: =AVERAGE(O2:P2) -> 0.14633008 | R2: =AVERAGE(P2:Q2) -> 0.14633496 | S2: =AVERAGE(Q2:R2) -> 0.14633252 | ... AY2: =AVERAGE(AW2:AX2) -> 0.14633333
A3: BB_NCIPD | B3: 0.1122 | C3: 0.1122 | D3: 0.1425 | E3: 0.1468 | F3: 0.151175 | G3: 0.1257 | H3: 0.1294 | I3: 0.12755 | J3: 0.128475 | K3: 0.1280125 | L3: =AVERAGE(J3:K3) -> 0.12824375 | M3: =AVERAGE(K3:L3) -> 0.12812812 | N3: =AVERAGE(L3:M3) -> 0.12818594 | O3: =AVERAGE(M3:N3) -> 0.12815703 | P3: =AVERAGE(N3:O3) -> 0.12817148 | Q3: =AVERAGE(O3:P3) -> 0.12816426 | R3: =AVERAGE(P3:Q3) -> 0.12816787 | S3: =AVERAGE(Q3:R3) -> 0.12816606 | ... AY3: =AVERAGE(AW3:AX3) -> 0.12816667
A4: Serum_Institute | B4: 0.1025 | C4: 0.1075 | D4: 0.105 | E4: 0.10625 | F4: 0.105625 | G4: 0.1059375 | H4: 0.10578125 | I4: 0.10585938 | J4: 0.10582031 | K4: 0.10583984 | L4: =AVERAGE(J4:K4) -> 0.10583008 | M4: =AVERAGE(K4:L4) -> 0.10583496 | N4: =AVERAGE(L4:M4) -> 0.10583252 | O4: =AVERAGE(M4:N4) -> 0.10583374 | P4: =AVERAGE(N4:O4) -> 0.10583313 | Q4: =AVERAGE(O4:P4) -> 0.10583344 | R4: =AVERAGE(P4:Q4) -> 0.10583328 | S4: =AVERAGE(Q4:R4) -> 0.10583336 | ... AY4: =AVERAGE(AW4:AX4) -> 0.10583333

Sheet DT Pricing
B1: 1 | C1: 2 | D1: 3 | E1: 4 | F1: 5 | G1: 6 | H1: 7 | I1: 8 | J1: 9 | K1: 10 | L1: 11 | M1: 12 | N1: 13 | O1: 14 | P1: 15 | Q1: 16 | R1: 17 | S1: 18 | T1: 19 | U1: 20 | V1: 21 | W1: 22 | X1: 23 | Y1: 24 | Z1: 25 | AA1: 26 | AB1: 27 | AC1: 28 | AD1: 29 | AE1: 30 | AF1: 31 | AG1: 32 | AH1: 33 | AI1: 34 | AJ1: 35 | AK1: 36 | AL1: 37 | AM1: 38 | AN1: 39 | AO1: 40 | AP1: 41 | AQ1: 42 | AR1: 43 | AS1: 44 | AT1: 45 | AU1: 46 | AV1: 47 | AW1: 48 | AX1: 49 | AY1: 50
A2: PT_Bio | B2: 0.165 | C2: 0.165 | D2: 0.165 | E2: 0.165 | F2: 0.165 | G2: 0.165 | H2: 0.165 | I2: 0.165 | J2: 0.165 | K2: 0.165 | L2: =AVERAGE(J2:K2) -> 0.165 | M2: =AVERAGE(K2:L2) -> 0.165 | N2: =AVERAGE(L2:M2) -> 0.165 | O2: =AVERAGE(M2:N2) -> 0.165 | P2: =AVERAGE(N2:O2) -> 0.165 | Q2: =AVERAGE(O2:P2) -> 0.165 | R2: =AVERAGE(P2:Q2) -> 0.165 | S2: =AVERAGE(Q2:R2) -> 0.165 | ... AY2: =AVERAGE(AW2:AX2) -> 0.165
A3: Serum_Institute | B3: 0.18 | C3: 0.18 | D3: 0.18 | E3: 0.18 | F3: 0.18 | G3: 0.18 | H3: 0.18 | I3: 0.18 | J3: 0.18 | K3: 0.18 | L3: =AVERAGE(J3:K3) -> 0.18 | M3: =AVERAGE(K3:L3) -> 0.18 | N3: =AVERAGE(L3:M3) -> 0.18 | O3: =AVERAGE(M3:N3) -> 0.18 | P3: =AVERAGE(N3:O3) -> 0.18 | Q3: =AVERAGE(O3:P3) -> 0.18 | R3: =AVERAGE(P3:Q3) -> 0.18 | S3: =AVERAGE(Q3:R3) -> 0.18 | ... AY3: =AVERAGE(AW3:AX3) -> 0.18
A4: BB_NCIPD | B4: 0.175 | C4: 0.175 | D4: 0.175 | E4: 0.175 | F4: 0.175 | G4: 0.175 | H4: 0.175 | I4: 0.175 | J4: 0.175 | K4: 0.175 | L4: =AVERAGE(J4:K4) -> 0.175 | M4: =AVERAGE(K4:L4) -> 0.175 | N4: =AVERAGE(L4:M4) -> 0.175 | O4: =AVERAGE(M4:N4) -> 0.175 | P4: =AVERAGE(N4:O4) -> 0.175 | Q4: =AVERAGE(O4:P4) -> 0.175 | R4: =AVERAGE(P4:Q4) -> 0.175 | S4: =AVERAGE(Q4:R4) -> 0.175 | ... AY4: =AVERAGE(AW4:AX4) -> 0.175

Sheet TT Pricing
B1: 1 | C1: 2 | D1: 3 | E1: 4 | F1: 5 | G1: 6 | H1: 7 | I1: 8 | J1: 9 | K1: 10 | L1: 11 | M1: 12 | N1: 13 | O1: 14 | P1: 15 | Q1: 16 | R1: 17 | S1: 18 | T1: 19 | U1: 20 | V1: 21 | W1: 22 | X1: 23 | Y1: 24 | Z1: 25 | AA1: 26 | AB1: 27 | AC1: 28 | AD1: 29 | AE1: 30 | AF1: 31 | AG1: 32 | AH1: 33 | AI1: 34 | AJ1: 35 | AK1: 36 | AL1: 37 | AM1: 38 | AN1: 39 | AO1: 40 | AP1: 41 | AQ1: 42 | AR1: 43 | AS1: 44 | AT1: 45 | AU1: 46 | AV1: 47 | AW1: 48 | AX1: 49 | AY1: 50
A2: PT_Bio | B2: 0.095 | C2: 0.0975 | D2: 0.09625 | E2: 0.096875 | F2: 0.0965625 | G2: 0.09671875 | H2: 0.096640625 | I2: 0.096679688 | J2: 0.096660156 | K2: 0.096669922 | L2: =AVERAGE(J2:K2) -> 0.096665039 | M2: =AVERAGE(K2:L2) -> 0.09666748 | N2: =AVERAGE(L2:M2) -> 0.09666626 | O2: =AVERAGE(M2:N2) -> 0.09666687 | P2: =AVERAGE(N2:O2) -> 0.096666565 | Q2: =AVERAGE(O2:P2) -> 0.096666718 | R2: =AVERAGE(P2:Q2) -> 0.096666641 | S2: =AVERAGE(Q2:R2) -> 0.096666679 | ... AY2: =AVERAGE(AW2:AX2) -> 0.096666667
A3: Serum_Institute | B3: 0.118 | C3: 0.118 | D3: 0.118 | E3: 0.118 | F3: 0.118 | G3: 0.118 | H3: 0.118 | I3: 0.118 | J3: 0.118 | K3: 0.118 | L3: =AVERAGE(J3:K3) -> 0.118 | M3: =AVERAGE(K3:L3) -> 0.118 | N3: =AVERAGE(L3:M3) -> 0.118 | O3: =AVERAGE(M3:N3) -> 0.118 | P3: =AVERAGE(N3:O3) -> 0.118 | Q3: =AVERAGE(O3:P3) -> 0.118 | R3: =AVERAGE(P3:Q3) -> 0.118 | S3: =AVERAGE(Q3:R3) -> 0.118 | ... AY3: =AVERAGE(AW3:AX3) -> 0.118
A4: BB_NCIPD | B4: 0.066 | C4: 0.066 | D4: 0.066 | E4: 0.066 | F4: 0.066 | G4: 0.066 | H4: 0.066 | I4: 0.066 | J4: 0.066 | K4: 0.066 | L4: =AVERAGE(J4:K4) -> 0.066 | M4: =AVERAGE(K4:L4) -> 0.066 | N4: =AVERAGE(L4:M4) -> 0.066 | O4: =AVERAGE(M4:N4) -> 0.066 | P4: =AVERAGE(N4:O4) -> 0.066 | Q4: =AVERAGE(O4:P4) -> 0.066 | R4: =AVERAGE(P4:Q4) -> 0.066 | S4: =AVERAGE(Q4:R4) -> 0.066 | ... AY4: =AVERAGE(AW4:AX4) -> 0.066

Sheet Hib Pricing
B1: 1 | C1: 2 | D1: 3 | E1: 4 | F1: 5 | G1: 6 | H1: 7 | I1: 8 | J1: 9 | K1: 10 | L1: 11 | M1: 12 | N1: 13 | O1: 14 | P1: 15 | Q1: 16 | R1: 17 | S1: 18 | T1: 19 | U1: 20 | V1: 21 | W1: 22 | X1: 23 | Y1: 24 | Z1: 25 | AA1: 26 | AB1: 27 | AC1: 28 | AD1: 29 | AE1: 30 | AF1: 31 | AG1: 32 | AH1: 33 | AI1: 34 | AJ1: 35 | AK1: 36 | AL1: 37 | AM1: 38 | AN1: 39 | AO1: 40 | AP1: 41 | AQ1: 42 | AR1: 43 | AS1: 44 | AT1: 45 | AU1: 46 | AV1: 47 | AW1: 48 | AX1: 49 | AY1: 50
A2: Sanofi_Pasteur | B2: 1.9005 | C2: 1.9005 | D2: 1.9005 | E2: 2.6775 | F2: 2.6775 | G2: 2.6775 | H2: 2.6775 | I2: 2.6775 | J2: 2.6775 | K2: 2.6775 | L2: =AVERAGE(J2:K2) -> 2.6775 | M2: =AVERAGE(K2:L2) -> 2.6775 | N2: =AVERAGE(L2:M2) -> 2.6775 | O2: =AVERAGE(M2:N2) -> 2.6775 | P2: =AVERAGE(N2:O2) -> 2.6775 | Q2: =AVERAGE(O2:P2) -> 2.6775 | R2: =AVERAGE(P2:Q2) -> 2.6775 | S2: =AVERAGE(Q2:R2) -> 2.6775 | ... AY2: =AVERAGE(AW2:AX2) -> 2.6775
A3: Serum_Institute | B3: 0.118 | C3: 0.118 | D3: 0.118 | E3: 0.118 | F3: 0.118 | G3: 0.118 | H3: 0.118 | I3: 0.118 | J3: 0.118 | K3: 0.118 | L3: =AVERAGE(J3:K3) -> 0.118 | M3: =AVERAGE(K3:L3) -> 0.118 | N3: =AVERAGE(L3:M3) -> 0.118 | O3: =AVERAGE(M3:N3) -> 0.118 | P3: =AVERAGE(N3:O3) -> 0.118 | Q3: =AVERAGE(O3:P3) -> 0.118 | R3: =AVERAGE(P3:Q3) -> 0.118 | S3: =AVERAGE(Q3:R3) -> 0.118 | ... AY3: =AVERAGE(AW3:AX3) -> 0.118
A4: Centro_de | B4: 2.0185 | C4: 2.0185 | D4: 2.0185 | E4: 2.7955 | F4: 2.7955 | G4: 2.7955 | H4: 2.7955 | I4: 2.7955 | J4: 2.7955 | K4: 2.7955 | L4: =AVERAGE(J4:K4) -> 2.7955 | M4: =AVERAGE(K4:L4) -> 2.7955 | N4: =AVERAGE(L4:M4) -> 2.7955 | O4: =AVERAGE(M4:N4) -> 2.7955 | P4: =AVERAGE(N4:O4) -> 2.7955 | Q4: =AVERAGE(O4:P4) -> 2.7955 | R4: =AVERAGE(P4:Q4) -> 2.7955 | S4: =AVERAGE(Q4:R4) -> 2.7955 | ... AY4: =AVERAGE(AW4:AX4) -> 2.7955

Sheet DTwP-Hib Pricing
B1: 1 | C1: 2 | D1: 3 | E1: 4 | F1: 5 | G1: 6 | H1: 7 | I1: 8 | J1: 9 | K1: 10 | L1: 11 | M1: 12 | N1: 13 | O1: 14 | P1: 15 | Q1: 16 | R1: 17 | S1: 18 | T1: 19 | U1: 20 | V1: 21 | W1: 22 | X1: 23 | Y1: 24 | Z1: 25 | AA1: 26 | AB1: 27 | AC1: 28 | AD1: 29 | AE1: 30 | AF1: 31 | AG1: 32 | AH1: 33 | AI1: 34 | AJ1: 35 | AK1: 36 | AL1: 37 | AM1: 38 | AN1: 39 | AO1: 40 | AP1: 41 | AQ1: 42 | AR1: 43 | AS1: 44 | AT1: 45 | AU1: 46 | AV1: 47 | AW1: 48 | AX1: 49 | AY1: 50
A2: Serum_Institute | B2: 0.19 | C2: 0.19 | D2: 0.19 | E2: 0.19 | F2: 0.19 | G2: 0.19 | H2: 0.19 | I2: 0.19 | J2: 0.19 | K2: 0.19 | L2: =AVERAGE(J2:K2) -> 0.19 | M2: =AVERAGE(K2:L2) -> 0.19 | N2: =AVERAGE(L2:M2) -> 0.19 | O2: =AVERAGE(M2:N2) -> 0.19 | P2: =AVERAGE(N2:O2) -> 0.19 | Q2: =AVERAGE(O2:P2) -> 0.19 | R2: =AVERAGE(P2:Q2) -> 0.19 | S2: =AVERAGE(Q2:R2) -> 0.19 | ... AY2: =AVERAGE(AW2:AX2) -> 0.19

Sheet Rotavirus Pricing
B1: 1 | C1: 2 | D1: 3 | E1: 4 | F1: 5 | G1: 6 | H1: 7 | I1: 8 | J1: 9 | K1: 10 | L1: 11 | M1: 12 | N1: 13 | O1: 14 | P1: 15 | Q1: 16 | R1: 17 | S1: 18 | T1: 19 | U1: 20 | V1: 21 | W1: 22 | X1: 23 | Y1: 24 | Z1: 25 | AA1: 26 | AB1: 27 | AC1: 28 | AD1: 29 | AE1: 30 | AF1: 31 | AG1: 32 | AH1: 33 | AI1: 34 | AJ1: 35 | AK1: 36 | AL1: 37 | AM1: 38 | AN1: 39 | AO1: 40 | AP1: 41 | AQ1: 42 | AR1: 43 | AS1: 44 | AT1: 45 | AU1: 46 | AV1: 47 | AW1: 48 | AX1: 49 | AY1: 50
A2: Bharat_Biotech | B2: 0.85 | C2: 0.9875 | D2: 0.9875 | E2: 0.9875 | F2: 0.925 | G2: 0.925 | H2: 0.925 | I2: 0.925 | J2: =AVERAGE(H2:I2) -> 0.925 | K2: =AVERAGE(I2:J2) -> 0.925 | L2: =AVERAGE(J2:K2) -> 0.925 | M2: =AVERAGE(K2:L2) -> 0.925 | N2: =AVERAGE(L2:M2) -> 0.925 | O2: =AVERAGE(M2:N2) -> 0.925 | P2: =AVERAGE(N2:O2) -> 0.925 | Q2: =AVERAGE(O2:P2) -> 0.925 | ... AY2: =AVERAGE(AW2:AX2) -> 0.925
A3: GSK | B3: 1.9928 | C3: 2.173 | D3: 2.173 | E3: 2.173 | F3: 2.173 | G3: 2.173 | H3: 2.173212 | I3: 2.173318 | J3: =AVERAGE(H3:I3) -> 2.173265 | K3: =AVERAGE(I3:J3) -> 2.1732915 | L3: =AVERAGE(J3:K3) -> 2.1732783 | M3: =AVERAGE(K3:L3) -> 2.1732849 | N3: =AVERAGE(L3:M3) -> 2.1732816 | O3: =AVERAGE(M3:N3) -> 2.1732832 | P3: =AVERAGE(N3:O3) -> 2.1732824 | Q3: =AVERAGE(O3:P3) -> 2.1732828 | ... AY3: =AVERAGE(AW3:AX3) -> 2.1732827
A4: Serum_Institute | B4: 0.95 | C4: 0.9 | D4: 0.9 | E4: 0.93333333 | F4: 0.93333333 | G4: 0.96666667 | H4: 0.96666667 | I4: 1.0033333 | J4: =AVERAGE(H4:I4) -> 0.985 | K4: =AVERAGE(I4:J4) -> 0.99416667 | L4: =AVERAGE(J4:K4) -> 0.98958333 | M4: =AVERAGE(K4:L4) -> 0.991875 | N4: =AVERAGE(L4:M4) -> 0.99072917 | O4: =AVERAGE(M4:N4) -> 0.99130208 | P4: =AVERAGE(N4:O4) -> 0.99101562 | Q4: =AVERAGE(O4:P4) -> 0.99115885 | ... AY4: =AVERAGE(AW4:AX4) -> 0.99111111

Sheet PCV Pricing
B1: 1 | C1: 2 | D1: 3 | E1: 4 | F1: 5 | G1: 6 | H1: 7 | I1: 8 | J1: 9 | K1: 10 | L1: 11 | M1: 12 | N1: 13 | O1: 14 | P1: 15 | Q1: 16 | R1: 17 | S1: 18 | T1: 19 | U1: 20 | V1: 21 | W1: 22 | X1: 23 | Y1: 24 | Z1: 25 | AA1: 26 | AB1: 27 | AC1: 28 | AD1: 29 | AE1: 30 | AF1: 31 | AG1: 32 | AH1: 33 | AI1: 34 | AJ1: 35 | AK1: 36 | AL1: 37 | AM1: 38 | AN1: 39 | AO1: 40 | AP1: 41 | AQ1: 42 | AR1: 43 | AS1: 44 | AT1: 45 | AU1: 46 | AV1: 47 | AW1: 48 | AX1: 49 | AY1: 50
A2: Pfizer | B2: 3.1 | C2: 3.1 | D2: 3.025 | E2: 3.0625 | F2: 3.04375 | G2: 3.053125 | H2: 3.0484375 | I2: 3.0507812 | J2: 3.0496094 | K2: 3.0501953 | L2: =AVERAGE(J2:K2) -> 3.0499023 | M2: =AVERAGE(K2:L2) -> 3.0500488 | N2: =AVERAGE(L2:M2) -> 3.0499756 | O2: =AVERAGE(M2:N2) -> 3.0500122 | P2: =AVERAGE(N2:O2) -> 3.0499939 | Q2: =AVERAGE(O2:P2) -> 3.0500031 | R2: =AVERAGE(P2:Q2) -> 3.0499985 | S2: =AVERAGE(Q2:R2) -> 3.0500008 | ... AY2: =AVERAGE(AW2:AX2) -> 3.05
A3: GSK | B3: 3.05 | C3: 3.05 | D3: 2.9 | E3: =AVERAGE(C3:D3) -> 2.975 | F3: =AVERAGE(D3:E3) -> 2.9375 | G3: =AVERAGE(E3:F3) -> 2.95625 | H3: =AVERAGE(F3:G3) -> 2.946875 | I3: =AVERAGE(G3:H3) -> 2.9515625 | J3: =AVERAGE(H3:I3) -> 2.9492188 | K3: =AVERAGE(I3:J3) -> 2.9503906 | L3: =AVERAGE(J3:K3) -> 2.9498047 | ... AY3: =AVERAGE(AW3:AX3) -> 2.95
A4: Serum_Institute | B4: 2.45 | C4: 2.45 | D4: 2.2 | E4: =AVERAGE(C4:D4) -> 2.325 | F4: =AVERAGE(D4:E4) -> 2.2625 | G4: =AVERAGE(E4:F4) -> 2.29375 | H4: =AVERAGE(F4:G4) -> 2.278125 | I4: =AVERAGE(G4:H4) -> 2.2859375 | J4: =AVERAGE(H4:I4) -> 2.2820313 | K4: =AVERAGE(I4:J4) -> 2.2839844 | L4: =AVERAGE(J4:K4) -> 2.2830078 | ... AY4: =AVERAGE(AW4:AX4) -> 2.2833333
