Workbook

Sheet Diphtheria
A1: Lower | B1: Upper | C1: Average | D1: sd
A2: 2.8543947e+08 | B2: 1.0209704e+09 | C2: 6.5320494e+08 | D2: 1.8763544e+08
A3: 3.6059675e+08 | B3: 9.9931219e+08 | C3: 6.7995447e+08 | D3: 1.6293761e+08
A4: 2.931336e+08 | B4: 1.1202744e+09 | C4: 7.0670401e+08 | D4: 2.1100531e+08
A5: 2.0985177e+08 | B5: 1.2570553e+09 | C5: 7.3345354e+08 | D5: 2.6714376e+08
A6: 4.1387017e+08 | B6: 1.106536e+09 | C6: 7.6020308e+08 | D6: 1.7670046e+08
A7: 4.2843127e+08 | B7: 1.145474e+09 | C7: 7.8695261e+08 | D7: 1.8291905e+08
A8: 2.3079599e+08 | B8: 1.3966083e+09 | C8: 8.1370215e+08 | D8: 2.974011e+08
A9: 3.3381656e+08 | B9: 1.3470868e+09 | C9: 8.4045168e+08 | D9: 2.5848731e+08
A10: 5.0212055e+08 | B10: 1.2322819e+09 | C10: 8.6720122e+08 | D10: 1.8626565e+08
A11: 3.8461665e+08 | B11: 1.4032848e+09 | C11: 8.9395075e+08 | D11: 2.5986433e+08
A12: 5.3227746e+08 | B12: 1.3091231e+09 | C12: 9.2070028e+08 | D12: 1.9817491e+08
A13: 5.4806398e+08 | B13: 1.3468357e+09 | C13: 9.4744982e+08 | D13: 2.0376829e+08
... A16: 7.8471241e+08 | B16: 1.2706844e+09 | C16: 1.0276984e+09 | D16: 1.2397246e+08

Sheet Pertussis
A1: Lower | B1: Upper | C1: Average | D1: sd
A2: 1.5505943e+08 | B2: 5.5462229e+08 | C2: 3.5484086e+08 | D2: 1.019293e+08
A3: 1.8944113e+08 | B3: 5.2499316e+08 | C3: 3.5721714e+08 | D3: 85600007
A4: 1.4915568e+08 | B4: 5.7003117e+08 | C4: 3.5959342e+08 | D4: 1.073662e+08
A5: 1.0356482e+08 | B5: 6.2037459e+08 | C5: 3.6196971e+08 | D5: 1.3183923e+08
A6: 1.9835744e+08 | B6: 5.3033454e+08 | C6: 3.6434599e+08 | D6: 84688034
A7: 1.9965025e+08 | B7: 5.3379429e+08 | C7: 3.6672227e+08 | D7: 85240825
A8: 1.0468999e+08 | B8: 6.3350712e+08 | C8: 3.6909855e+08 | D8: 1.3490233e+08
A9: 1.4754501e+08 | B9: 5.9540466e+08 | C9: 3.7147484e+08 | D9: 1.1424991e+08
A10: 2.1646456e+08 | B10: 5.3123768e+08 | C10: 3.7385112e+08 | D10: 80299265
A11: 1.6186946e+08 | B11: 5.9058534e+08 | C11: 376227401 | D11: 1.093663e+08
A12: 2.1887927e+08 | B12: 5.383281e+08 | C12: 3.7860368e+08 | D12: 81492047
A13: 2.2038254e+08 | B13: 5.4157739e+08 | C13: 3.8097997e+08 | D13: 81937463
... A16: 2.963455e+08 | B16: 4.7987213e+08 | C16: 3.8810881e+08 | D16: 46818017

Sheet Polio
A1: Lower | B1: Upper | C1: Average | D1: sd
A2: 2.7706637e+08 | B2: 9.9102121e+08 | C2: 6.3404379e+08 | D2: 1.8213134e+08
A3: 3.4972581e+08 | B3: 9.6918583e+08 | C3: 6.5945582e+08 | D3: 1.5802551e+08
A4: 2.8407619e+08 | B4: 1.0856595e+09 | C4: 6.8486784e+08 | D4: 2.0448554e+08
A5: 2.0322145e+08 | B5: 1.2173383e+09 | C5: 7.1027987e+08 | D5: 2.5870328e+08
A6: 4.0052578e+08 | B6: 1.070858e+09 | C6: 7.356919e+08 | D6: 1.7100312e+08
A7: 4.1435878e+08 | B7: 1.1078491e+09 | C7: 7.6110392e+08 | D7: 1.7691079e+08
A8: 2.2308498e+08 | B8: 1.3499469e+09 | C8: 7.8651595e+08 | D8: 2.8746478e+08
A9: 3.2248731e+08 | B9: 1.3013686e+09 | C9: 8.1192797e+08 | D9: 2.4971462e+08
A10: 4.8483052e+08 | B10: 1.1898495e+09 | C10: 8.3734e+08 | D10: 1.7985177e+08
A11: 3.711936e+08 | B11: 1.3543105e+09 | C11: 8.6275203e+08 | D11: 2.5079511e+08
A12: 5.1346753e+08 | B12: 1.2628606e+09 | C12: 8.8816405e+08 | D12: 1.9117169e+08
A13: 5.284693e+08 | B13: 1.2986829e+09 | C13: 9.1357608e+08 | D13: 1.9648305e+08
... A16: 7.5578386e+08 | B16: 1.2238405e+09 | C16: 9.8981216e+08 | D16: 1.1940219e+08

Sheet Tetanus
A1: Lower | B1: Upper | C1: Average | D1: sd
A2: 2.8154031e+08 | B2: 1.0070238e+09 | C2: 6.4428205e+08 | D2: 1.8507231e+08
A3: 3.4751425e+08 | B3: 9.6305698e+08 | C3: 6.5528561e+08 | D3: 1.5702621e+08
A4: 2.7636995e+08 | B4: 1.0562084e+09 | C4: 6.6628918e+08 | D4: 1.9893838e+08
A5: 1.9378335e+08 | B5: 1.1608021e+09 | C5: 6.7729275e+08 | D5: 2.4668847e+08
A6: 3.7472266e+08 | B6: 1.00187e+09 | C6: 6.8829631e+08 | D6: 1.5998656e+08
A7: 3.8071154e+08 | B7: 1.0178882e+09 | C7: 6.9929988e+08 | D7: 1.6254507e+08
A8: 2.014683e+08 | B8: 1.2191386e+09 | C8: 7.1030345e+08 | D8: 2.5960977e+08
A9: 2.8649384e+08 | B9: 1.1561202e+09 | C9: 7.2130702e+08 | D9: 2.2184346e+08
A10: 4.2401715e+08 | B10: 1.040604e+09 | C10: 7.3231058e+08 | D10: 1.5729257e+08
A11: 3.1980621e+08 | B11: 1.1668221e+09 | C11: 743314150 | D11: 2.1607548e+08
A12: 4.3608797e+08 | B12: 1.0725475e+09 | C12: 7.5431772e+08 | D12: 1.6236212e+08
A13: 4.4270949e+08 | B13: 1.0879331e+09 | C13: 7.6532128e+08 | D13: 1.6459785e+08
... A16: 6.095767e+08 | B16: 9.8708727e+08 | C16: 7.9833199e+08 | D16: 96303716

Sheet Rotavirus
A1: Lower | B1: Upper | C1: Average | D1: sd
A2: 82591114 | B2: 2.9541494e+08 | C2: 1.8900303e+08 | D2: 54291793
A3: 1.0832132e+08 | B3: 3.00188e+08 | C3: 2.0425466e+08 | D3: 48945581
A4: 91048968 | B4: 3.4796362e+08 | C4: 2.1950629e+08 | D4: 65539452
A5: 67167673 | B5: 4.0234818e+08 | C5: 2.3475793e+08 | D5: 85505231
A6: 1.3611034e+08 | B6: 3.6390878e+08 | C6: 2.5000956e+08 | D6: 58111846
A7: 1.44413e+08 | B7: 3.8610938e+08 | C7: 2.6526119e+08 | D7: 61657239
A8: 79563800 | B8: 4.8146185e+08 | C8: 2.8051283e+08 | D8: 1.0252501e+08
A9: 1.1747383e+08 | B9: 4.7405509e+08 | C9: 2.9576446e+08 | D9: 90964608
A10: 1.8008228e+08 | B10: 4.419499e+08 | C10: 3.1101609e+08 | D10: 66802966
A11: 1.4037462e+08 | B11: 5.1216082e+08 | C11: 3.2626772e+08 | D11: 94843418
A12: 1.9743999e+08 | B12: 4.8559872e+08 | C12: 3.4151936e+08 | D12: 73509881
A13: 2.0637856e+08 | B13: 5.0716342e+08 | C13: 3.5677099e+08 | D13: 76730833
... A16: 3.0735384e+08 | B16: 4.9769793e+08 | C16: 4.0252589e+08 | D16: 48557166

Sheet PCV
A1: Lower | B1: Upper | C1: Average | D1: sd
A2: 99304393 | B2: 3.5519562e+08 | C2: 2.2725e+08 | D2: 65278373
A3: 1.2929664e+08 | B3: 3.5831634e+08 | C3: 2.4380649e+08 | D3: 58423393
A4: 1.077588e+08 | B4: 4.1182393e+08 | C4: 2.5979137e+08 | D4: 77567633
A5: 78842432 | B5: 4.7228239e+08 | C5: 2.7556241e+08 | D5: 1.0036734e+08
A6: 1.5856437e+08 | B6: 4.2394257e+08 | C6: 2.9125347e+08 | D6: 67698519
A7: 1.6708988e+08 | B7: 4.4673933e+08 | C7: 3.069146e+08 | D7: 71339147
A8: 91491221 | B8: 5.5363787e+08 | C8: 3.2256455e+08 | D8: 1.1789455e+08
A9: 1.3433277e+08 | B9: 5.4208783e+08 | C9: 3.382103e+08 | D9: 1.0401915e+08
A10: 2.0488625e+08 | B10: 5.0282272e+08 | C10: 3.5385449e+08 | D10: 76004200
A11: 1.5897422e+08 | B11: 5.8002196e+08 | C11: 3.6949809e+08 | D11: 1.0741014e+08
A12: 2.2265891e+08 | B12: 5.4762403e+08 | C12: 3.8514147e+08 | D12: 82899265
A13: 2.3183887e+08 | B13: 5.6973067e+08 | C13: 4.0078477e+08 | D13: 86196889
... A16: 3.4185823e+08 | B16: 5.5357088e+08 | C16: 4.4771456e+08 | D16: 54008327

Sheet Measles
A1: Lower | B1: Upper | C1: Average | D1: sd
A2: 1.8172145e+08 | B2: 6.49988e+08 | C2: 4.1585473e+08 | D2: 1.1945575e+08
A3: 2.3168717e+08 | B3: 6.4206848e+08 | C3: 4.3687782e+08 | D3: 1.0468911e+08
A4: 1.8993262e+08 | B4: 7.2586922e+08 | C4: 4.5790092e+08 | D4: 1.3671852e+08
A5: 1.3702716e+08 | B5: 8.2082087e+08 | C5: 4.7892402e+08 | D5: 1.7443717e+08
A6: 2.7218148e+08 | B6: 7.2771274e+08 | C6: 499947111 | D6: 1.1620696e+08
A7: 2.8362563e+08 | B7: 7.5831479e+08 | C7: 5.2097021e+08 | D7: 1.2109417e+08
A8: 1.5372932e+08 | B8: 9.3025728e+08 | C8: 5.419933e+08 | D8: 1.9809387e+08
A9: 2.2362285e+08 | B9: 9.0240995e+08 | C9: 5.630164e+08 | D9: 1.7315997e+08
A10: 3.381663e+08 | B10: 8.2991268e+08 | C10: 5.8403949e+08 | D10: 1.254455e+08
A11: 2.6032435e+08 | B11: 9.4980083e+08 | C11: 605062589 | D11: 1.7588686e+08
A12: 3.6195416e+08 | B12: 8.9021721e+08 | C12: 6.2608568e+08 | D12: 1.3476098e+08
A13: 3.7432802e+08 | B13: 9.1988954e+08 | C13: 6.4710878e+08 | D13: 1.3917386e+08
... A16: 5.4226564e+08 | B16: 8.7809049e+08 | C16: 710178067 | D16: 85669606

Sheet Mumps
A1: Lower | B1: Upper | C1: Average | D1: sd
A2: 11740868 | B2: 41995168 | C2: 26868018 | D2: 7717933.8
A3: 14594741 | B3: 40446016 | C3: 27520378 | D3: 6594713.2
A4: 11725678 | B4: 44812254 | C4: 28268966 | D4: 8440453
A5: 8296188.4 | B5: 49695875 | C5: 28996032 | D5: 10561145
A6: 16184486 | B6: 43271336 | C6: 29727911 | D6: 6909910.9
A7: 16582276 | B7: 44335151 | C7: 30458713 | D7: 7079815.1
A8: 8846567.3 | B8: 53532946 | C8: 31189757 | D8: 11399586
A9: 12678508 | B9: 51162984 | C9: 31920746 | D9: 9817468.2
A10: 18905778 | B10: 46397718 | C10: 32651748 | D10: 7013250
A11: 14362716 | B11: 52402778 | C11: 33382747 | D11: 9704097.5
A12: 19721921 | B12: 48505571 | C12: 34113746 | D12: 7342768
A13: 20156371 | B13: 49533120 | C13: 34844745 | D13: 7494068.7
... A16: 28280647 | B16: 45794839 | C16: 37037743 | D16: 4467906

Sheet Rubella
A1: Lower | B1: Upper | C1: Average | D1: sd
A2: 1.4480068e+08 | B2: 5.179284e+08 | C2: 3.3136454e+08 | D2: 95185644
A3: 1.8991339e+08 | B3: 5.2630193e+08 | C3: 358107661 | D3: 85813402
A4: 1.5963217e+08 | B4: 6.1006939e+08 | C4: 3.8485078e+08 | D4: 1.1490745e+08
A5: 1.1776303e+08 | B5: 7.0542478e+08 | C5: 411593906 | D5: 1.4991371e+08
A6: 2.3863968e+08 | B6: 6.3803437e+08 | C6: 4.3833703e+08 | D6: 1.018864e+08
A7: 2.5319807e+08 | B7: 6.7696223e+08 | C7: 465080151 | D7: 1.081031e+08
A8: 1.3949925e+08 | B8: 8.441473e+08 | C8: 4.9182327e+08 | D8: 1.7975716e+08
A9: 2.0596788e+08 | B9: 8.3116491e+08 | C9: 518566396 | D9: 1.5948904e+08
A10: 3.1574116e+08 | B10: 7.7487788e+08 | C10: 5.4530952e+08 | D10: 1.1712672e+08
A11: 2.4612203e+08 | B11: 8.9798325e+08 | C11: 572052641 | D11: 1.6629113e+08
A12: 3.4617724e+08 | B12: 8.5141428e+08 | C12: 5.9879576e+08 | D12: 1.28887e+08
A13: 3.6185065e+08 | B13: 8.8922713e+08 | C13: 625538886 | D13: 1.3453482e+08
... A16: 5.3889847e+08 | B16: 8.7263804e+08 | C16: 7.0576825e+08 | D16: 85137645

Sheet Hepatitis_B
A1: Lower | B1: Upper | C1: Average | D1: sd
A2: 1.5564821e+08 | B2: 5.5672824e+08 | C2: 3.5618822e+08 | D2: 1.0231634e+08
A3: 1.9126625e+08 | B3: 5.3005108e+08 | C3: 3.6065867e+08 | D3: 86424700
A4: 1.5145183e+08 | B4: 5.788064e+08 | C4: 3.6512911e+08 | D4: 1.0901902e+08
A5: 105747833 | B5: 6.3345128e+08 | C5: 3.6959956e+08 | D5: 1.3461823e+08
A6: 2.0365139e+08 | B6: 5.444886e+08 | C6: 374069999 | D6: 86948268
A7: 206084281 | B7: 5.509966e+08 | C7: 3.7854044e+08 | D7: 87987838
A8: 1.0863604e+08 | B8: 6.5738574e+08 | C8: 3.8301089e+08 | D8: 1.3998717e+08
A9: 1.5390258e+08 | B9: 6.2106008e+08 | C9: 3.8748133e+08 | D9: 1.1917283e+08
A10: 2.2694507e+08 | B10: 5.5695848e+08 | C10: 3.9195177e+08 | D10: 84187095
A11: 1.7055815e+08 | B11: 6.2228628e+08 | C11: 396422218 | D11: 1.1523677e+08
A12: 2.3176503e+08 | B12: 5.700203e+08 | C12: 4.0089266e+08 | D12: 86289609
A13: 2.3448726e+08 | B13: 5.7623895e+08 | C13: 4.0536311e+08 | D13: 87181552
... A16: 3.1976063e+08 | B16: 5.1778824e+08 | C16: 418774437 | D16: 50517247

Sheet Hib
A1: Lower | B1: Upper | C1: Average | D1: sd
A2: 1.3134139e+08 | B2: 4.6978671e+08 | C2: 3.0056405e+08 | D2: 86338094
A3: 1.5939659e+08 | B3: 4.4173151e+08 | C3: 3.0056405e+08 | D3: 72024217
A4: 1.2561821e+08 | B4: 4.8007757e+08 | C4: 3.0284789e+08 | D4: 90423305
A5: 87505597 | B5: 5.2417653e+08 | C5: 3.0584106e+08 | D5: 1.1139565e+08
A6: 168011919 | B6: 4.4920181e+08 | C6: 308606867 | D6: 71732116
A7: 1.693346e+08 | B7: 4.5274092e+08 | C7: 3.1103776e+08 | D7: 72297532
A8: 88871160 | B8: 5.3778317e+08 | C8: 3.1332717e+08 | D8: 114518371
A9: 1.2530861e+08 | B9: 5.0567165e+08 | C9: 3.1549013e+08 | D9: 97031388
A10: 1.8388526e+08 | B10: 4.5128301e+08 | C10: 3.1758414e+08 | D10: 68213713
A11: 1.375174e+08 | B11: 5.0173617e+08 | C11: 3.1962679e+08 | D11: 92912951
A12: 1.8594626e+08 | B12: 4.5733019e+08 | C12: 3.2163822e+08 | D12: 69230593
A13: 1.8720662e+08 | B13: 4.6004949e+08 | C13: 3.2362806e+08 | D13: 69602773
... A16: 2.5161831e+08 | B16: 4.0744541e+08 | C16: 3.2953186e+08 | D16: 39751811

Sheet HPV
A1: Lower | B1: Upper | C1: Average | D1: sd
A2: 13191574 | B2: 47184107 | C2: 30187841 | D2: 8671564.7
A3: 17456016 | B3: 48375392 | C3: 32915704 | D3: 7887596
A4: 14784588 | B4: 56502548 | C4: 35643568 | D4: 10642337
A5: 10978627 | B5: 65764236 | C5: 38371431 | D5: 13975921
A6: 22375301 | B6: 59823289 | C6: 41099295 | D6: 9553058.4
A7: 23860300 | B7: 63794017 | C7: 43827159 | D7: 10187173
A8: 13204724 | B8: 79905320 | C8: 46555022 | D8: 17015458
A9: 19574526 | B9: 78991245 | C9: 49282886 | D9: 15157326
A10: 30114886 | B10: 73906613 | C10: 52010749 | D10: 11171359
A11: 23550942 | B11: 85926284 | C11: 54738613 | D11: 15912077
A12: 33222657 | B12: 81710296 | C12: 57466477 | D12: 12369295
A13: 34820155 | B13: 85568525 | C13: 60194340 | D13: 12946013
... A16: 52210853 | B16: 84545009 | C16: 68377931 | D16: 8248509.3

Sheet Scenario_data
A1: Antigen | B1: 1 | C1: 2 | D1: 3 | E1: 4 | F1: 5 | G1: 6 | H1: 7 | I1: 8 | J1: 9 | K1: 10
A2: Measles | B2: =_xlfn.NORM.INV(RAND(),Measles!$C2,Measles!$D$2) -> 3.8357577e+08 | C2: =_xlfn.NORM.INV(RAND(),Measles!$C3,Measles!$D$2) -> 4.4218365e+08 | D2: =_xlfn.NORM.INV(RAND(),Measles!$C4,Measles!$D$2) -> 4.9219549e+08 | E2: =_xlfn.NORM.INV(RAND(),Measles!$C5,Measles!$D$2) -> 6.3280951e+08 | F2: =_xlfn.NORM.INV(RAND(),Measles!$C6,Measles!$D$2) -> 23410850 | G2: =_xlfn.NORM.INV(RAND(),Measles!$C7,Measles!$D$2) -> 7.1402937e+08 | H2: =_xlfn.NORM.INV(RAND(),Measles!$C8,Measles!$D$2) -> 6.4202085e+08 | I2: =_xlfn.NORM.INV(RAND(),Measles!$C9,Measles!$D$2) -> 4.8175378e+08 | J2: =_xlfn.NORM.INV(RAND(),Measles!$C10,Measles!$D$2) -> 6.3142805e+08 | K2: =_xlfn.NORM.INV(RAND(),Measles!$C11,Measles!$D$2) -> 7.6253588e+08
A3: Mumps | B3: =_xlfn.NORM.INV(RAND(),Mumps!$C2,Mumps!$D$2) -> 17762479 | C3: =_xlfn.NORM.INV(RAND(),Mumps!$C3,Mumps!$D$2) -> 38970982 | D3: =_xlfn.NORM.INV(RAND(),Mumps!$C4,Mumps!$D$2) -> 14828239 | E3: =_xlfn.NORM.INV(RAND(),Mumps!$C5,Mumps!$D$2) -> 32279941 | F3: =_xlfn.NORM.INV(RAND(),Mumps!$C6,Mumps!$D$2) -> 25335862 | G3: =_xlfn.NORM.INV(RAND(),Mumps!$C7,Mumps!$D$2) -> 39900025 | H3: =_xlfn.NORM.INV(RAND(),Mumps!$C8,Mumps!$D$2) -> 38529521 | I3: =_xlfn.NORM.INV(RAND(),Mumps!$C9,Mumps!$D$2) -> 33072563 | J3: =_xlfn.NORM.INV(RAND(),Mumps!$C10,Mumps!$D$2) -> 39602980 | K3: =_xlfn.NORM.INV(RAND(),Mumps!$C11,Mumps!$D$2) -> 33305107
A4: Rubella | B4: =_xlfn.NORM.INV(RAND(),Rubella!$C2,Rubella!$D$2) -> 4.3835972e+08 | C4: =_xlfn.NORM.INV(RAND(),Rubella!$C3,Rubella!$D$2) -> 2.1429243e+08 | D4: =_xlfn.NORM.INV(RAND(),Rubella!$C4,Rubella!$D$2) -> 3.3878406e+08 | E4: =_xlfn.NORM.INV(RAND(),Rubella!$C5,Rubella!$D$2) -> 6.4637495e+08 | F4: =_xlfn.NORM.INV(RAND(),Rubella!$C6,Rubella!$D$2) -> 4.3744977e+08 | G4: =_xlfn.NORM.INV(RAND(),Rubella!$C7,Rubella!$D$2) -> 4.9734106e+08 | H4: =_xlfn.NORM.INV(RAND(),Rubella!$C8,Rubella!$D$2) -> 4.5632026e+08 | I4: =_xlfn.NORM.INV(RAND(),Rubella!$C9,Rubella!$D$2) -> 6.5602133e+08 | J4: =_xlfn.NORM.INV(RAND(),Rubella!$C10,Rubella!$D$2) -> 7.5865779e+08 | K4: =_xlfn.NORM.INV(RAND(),Rubella!$C11,Rubella!$D$2) -> 7.5700661e+08
A5: Diphtheria | B5: =_xlfn.NORM.INV(RAND(),Diphtheria!$C2,Diphtheria!$D$2) -> 4.9051425e+08 | C5: =_xlfn.NORM.INV(RAND(),Diphtheria!$C3,Diphtheria!$D$2) -> 3.4242652e+08 | D5: =_xlfn.NORM.INV(RAND(),Diphtheria!$C4,Diphtheria!$D$2) -> 8.3672752e+08 | E5: =_xlfn.NORM.INV(RAND(),Diphtheria!$C5,Diphtheria!$D$2) -> 6.1308809e+08 | F5: =_xlfn.NORM.INV(RAND(),Diphtheria!$C6,Diphtheria!$D$2) -> 5.7372044e+08 | G5: =_xlfn.NORM.INV(RAND(),Diphtheria!$C8,Diphtheria!$D$2) -> 8.6240302e+08 | H5: =_xlfn.NORM.INV(RAND(),Diphtheria!$C9,Diphtheria!$D$2) -> 7.4586191e+08 | I5: =_xlfn.NORM.INV(RAND(),Diphtheria!$C10,Diphtheria!$D$2) -> 7.7935606e+08 | J5: =_xlfn.NORM.INV(RAND(),Diphtheria!$C10,Diphtheria!$D$2) -> 7.6342753e+08 | K5: =_xlfn.NORM.INV(RAND(),Diphtheria!$C11,Diphtheria!$D$2) -> 1.1386857e+09
A6: Tetanus | B6: =_xlfn.NORM.INV(RAND(),Tetanus!$C2,Tetanus!$D$2) -> 6.3779546e+08 | C6: =_xlfn.NORM.INV(RAND(),Tetanus!$C3,Tetanus!$D$2) -> 7.4416442e+08 | D6: =_xlfn.NORM.INV(RAND(),Tetanus!$C4,Tetanus!$D$2) -> 1.7572522e+08 | E6: =_xlfn.NORM.INV(RAND(),Tetanus!$C5,Tetanus!$D$2) -> 7.3069816e+08 | F6: =_xlfn.NORM.INV(RAND(),Tetanus!$C6,Tetanus!$D$2) -> 5.3559921e+08 | G6: =_xlfn.NORM.INV(RAND(),Tetanus!$C7,Tetanus!$D$2) -> 5.3004145e+08 | H6: =_xlfn.NORM.INV(RAND(),Tetanus!$C8,Tetanus!$D$2) -> 7.6548899e+08 | I6: =_xlfn.NORM.INV(RAND(),Tetanus!$C9,Tetanus!$D$2) -> 6.5763493e+08 | J6: =_xlfn.NORM.INV(RAND(),Tetanus!$C10,Tetanus!$D$2) -> 7.4969091e+08 | K6: =_xlfn.NORM.INV(RAND(),Tetanus!$C11,Tetanus!$D$2) -> 6.5171587e+08
A7: Pertussis | B7: =_xlfn.NORM.INV(RAND(),Pertussis!$C2,Pertussis!$D$2) -> 3.358612e+08 | C7: =_xlfn.NORM.INV(RAND(),Pertussis!$C2,Pertussis!$D$2) -> 3.3763847e+08 | D7: =_xlfn.NORM.INV(RAND(),Pertussis!$C4,Pertussis!$D$2) -> 2.718976e+08 | E7: =_xlfn.NORM.INV(RAND(),Pertussis!$C5,Pertussis!$D$2) -> 3.8777487e+08 | F7: =_xlfn.NORM.INV(RAND(),Pertussis!$C6,Pertussis!$D$2) -> 4.9008501e+08 | G7: =_xlfn.NORM.INV(RAND(),Pertussis!$C7,Pertussis!$D$2) -> 4.5097181e+08 | H7: =_xlfn.NORM.INV(RAND(),Pertussis!$C8,Pertussis!$D$2) -> 4.2902268e+08 | I7: =_xlfn.NORM.INV(RAND(),Pertussis!$C9,Pertussis!$D$2) -> 2.8557722e+08 | J7: =_xlfn.NORM.INV(RAND(),Pertussis!$C10,Pertussis!$D$2) -> 3.7690328e+08 | K7: =_xlfn.NORM.INV(RAND(),Pertussis!$C11,Pertussis!$D$2) -> 2.8722729e+08
A8: Hepatitis_B | B8: =_xlfn.NORM.INV(RAND(),Hepatitis_B!$C2,Hepatitis_B!$D$2) -> 3.4317642e+08 | C8: =_xlfn.NORM.INV(RAND(),Hepatitis_B!$C3,Hepatitis_B!$D$2) -> 3.1197423e+08 | D8: =_xlfn.NORM.INV(RAND(),Hepatitis_B!$C4,Hepatitis_B!$D$2) -> 3.0490548e+08 | E8: =_xlfn.NORM.INV(RAND(),Hepatitis_B!$C5,Hepatitis_B!$D$2) -> 4.3479929e+08 | F8: =_xlfn.NORM.INV(RAND(),Hepatitis_B!$C6,Hepatitis_B!$D$2) -> 5.3478785e+08 | G8: =_xlfn.NORM.INV(RAND(),Hepatitis_B!$C7,Hepatitis_B!$D$2) -> 3.5704865e+08 | H8: =_xlfn.NORM.INV(RAND(),Hepatitis_B!$C8,Hepatitis_B!$D$2) -> 4.4691246e+08 | I8: =_xlfn.NORM.INV(RAND(),Hepatitis_B!$C9,Hepatitis_B!$D$2) -> 2.3987217e+08 | J8: =_xlfn.NORM.INV(RAND(),Hepatitis_B!$C10,Hepatitis_B!$D$2) -> 4.1269307e+08 | K8: =_xlfn.NORM.INV(RAND(),Hepatitis_B!$C11,Hepatitis_B!$D$2) -> 4.7116265e+08
A9: Hib | B9: =_xlfn.NORM.INV(RAND(),Hib!$C2,Hib!$D$2) -> 1.5463213e+08 | C9: =_xlfn.NORM.INV(RAND(),Hib!$C3,Hib!$D$2) -> 3.994149e+08 | D9: =_xlfn.NORM.INV(RAND(),Hib!$C4,Hib!$D$2) -> 4.7340218e+08 | E9: =_xlfn.NORM.INV(RAND(),Hib!$C5,Hib!$D$2) -> 3.8303295e+08 | F9: =_xlfn.NORM.INV(RAND(),Hib!$C6,Hib!$D$2) -> 3.3182392e+08 | G9: =_xlfn.NORM.INV(RAND(),Hib!$C7,Hib!$D$2) -> 2.8003984e+08 | H9: =_xlfn.NORM.INV(RAND(),Hib!$C8,Hib!$D$2) -> 3.0708964e+08 | I9: =_xlfn.NORM.INV(RAND(),Hib!$C9,Hib!$D$2) -> 1.6124274e+08 | J9: =_xlfn.NORM.INV(RAND(),Hib!$C10,Hib!$D$2) -> 3.9632743e+08 | K9: =_xlfn.NORM.INV(RAND(),Hib!$C11,Hib!$D$2) -> 4.1048265e+08
A10: Polio | B10: =_xlfn.NORM.INV(RAND(),Polio!$C2,Polio!$D$2) -> 5.2731622e+08 | C10: =_xlfn.NORM.INV(RAND(),Polio!$C3,Polio!$D$2) -> 7.9753819e+08 | D10: =_xlfn.NORM.INV(RAND(),Polio!$C4,Polio!$D$2) -> 6.7870145e+08 | E10: =_xlfn.NORM.INV(RAND(),Polio!$C5,Polio!$D$2) -> 6.7888921e+08 | F10: =_xlfn.NORM.INV(RAND(),Polio!$C6,Polio!$D$2) -> 7.7678166e+08 | G10: =_xlfn.NORM.INV(RAND(),Polio!$C7,Polio!$D$2) -> 5.294584e+08 | H10: =_xlfn.NORM.INV(RAND(),Polio!$C8,Polio!$D$2) -> 7.1563651e+08 | I10: =_xlfn.NORM.INV(RAND(),Polio!$C9,Polio!$D$2) -> 7.1431932e+08 | J10: =_xlfn.NORM.INV(RAND(),Polio!$C10,Polio!$D$2) -> 5.8506688e+08 | K10: =_xlfn.NORM.INV(RAND(),Polio!$C11,Polio!$D$2) -> 9.4766194e+08
A11: HPV | B11: =_xlfn.NORM.INV(RAND(),HPV!$C2,HPV!$D$2) -> 36590184 | C11: =_xlfn.NORM.INV(RAND(),HPV!$C3,HPV!$D$2) -> 32710889 | D11: =_xlfn.NORM.INV(RAND(),HPV!$C4,HPV!$D$2) -> 28844685 | E11: =_xlfn.NORM.INV(RAND(),HPV!$C5,HPV!$D$2) -> 41734017 | F11: =_xlfn.NORM.INV(RAND(),HPV!$C6,HPV!$D$2) -> 38996494 | G11: =_xlfn.NORM.INV(RAND(),HPV!$C7,HPV!$D$2) -> 55360457 | H11: =_xlfn.NORM.INV(RAND(),HPV!$C8,HPV!$D$2) -> 65851126 | I11: =_xlfn.NORM.INV(RAND(),HPV!$C9,HPV!$D$2) -> 40439670 | J11: =_xlfn.NORM.INV(RAND(),HPV!$C10,HPV!$D$2) -> 59408523 | K11: =_xlfn.NORM.INV(RAND(),HPV!$C11,HPV!$D$2) -> 55867394
A12: Rotavirus | B12: =_xlfn.NORM.INV(RAND(),Rotavirus!$C2,Rotavirus!$D$2) -> 1.5251614e+08 | C12: =_xlfn.NORM.INV(RAND(),Rotavirus!$C3,Rotavirus!$D$2) -> 1.2670465e+08 | D12: =_xlfn.NORM.INV(RAND(),Rotavirus!$C4,Rotavirus!$D$2) -> 2.3869009e+08 | E12: =_xlfn.NORM.INV(RAND(),Rotavirus!$C5,Rotavirus!$D$2) -> 3.6077208e+08 | F12: =_xlfn.NORM.INV(RAND(),Rotavirus!$C6,Rotavirus!$D$2) -> 2.3207238e+08 | G12: =_xlfn.NORM.INV(RAND(),Rotavirus!$C7,Rotavirus!$D$2) -> 2.7899149e+08 | H12: =_xlfn.NORM.INV(RAND(),Rotavirus!$C8,Rotavirus!$D$2) -> 1.9494018e+08 | I12: =_xlfn.NORM.INV(RAND(),Rotavirus!$C9,Rotavirus!$D$2) -> 2.7580873e+08 | J12: =_xlfn.NORM.INV(RAND(),Rotavirus!$C10,Rotavirus!$D$2) -> 3.8521444e+08 | K12: =_xlfn.NORM.INV(RAND(),Rotavirus!$C11,Rotavirus!$D$2) -> 3.7827752e+08
A13: PCV | B13: =_xlfn.NORM.INV(RAND(),PCV!$C2,PCV!$D$2) -> 2.0060284e+08 | C13: =_xlfn.NORM.INV(RAND(),PCV!$C3,PCV!$D$2) -> 1.8767842e+08 | D13: =_xlfn.NORM.INV(RAND(),PCV!$C4,PCV!$D$2) -> 3.7375257e+08 | E13: =_xlfn.NORM.INV(RAND(),PCV!$C5,PCV!$D$2) -> 4.0506948e+08 | F13: =_xlfn.NORM.INV(RAND(),PCV!$C6,PCV!$D$2) -> 3.5851102e+08 | G13: =_xlfn.NORM.INV(RAND(),PCV!$C7,PCV!$D$2) -> 3.674306e+08 | H13: =_xlfn.NORM.INV(RAND(),PCV!$C8,PCV!$D$2) -> 3.2646171e+08 | I13: =_xlfn.NORM.INV(RAND(),PCV!$C9,PCV!$D$2) -> 2.8111192e+08 | J13: =_xlfn.NORM.INV(RAND(),PCV!$C10,PCV!$D$2) -> 3.9871237e+08 | K13: =_xlfn.NORM.INV(RAND(),Hepatitis_B!$C11,PCV!$D$2) -> 3.4782625e+08
A15: Measles | B15: =IF(B2>Measles!B2,Measles!B2,IF(Scenario_data!B2 <Measles!A2,Measles!A2,Scenario_data!B2)) -> 3.8357577e+08 | C15: =IF(C2>Measles!B3,Measles!B3,IF(Scenario_data!C2 <Measles!A3,Measles!A3,Scenario_data!C2)) -> 4.4218365e+08 | D15: =IF(D2>Measles!B4,Measles!B4,IF(Scenario_data!D2 <Measles!A4,Measles!A4,Scenario_data!D2)) -> 4.9219549e+08 | E15: =IF(E2>Measles!B5,Measles!B5,IF(Scenario_data!E2 <Measles!A5,Measles!A5,Scenario_data!E2)) -> 6.3280951e+08 | F15: =IF(F2>Measles!B6,Measles!B6,IF(Scenario_data!F2 <Measles!A6,Measles!A6,Scenario_data!F2)) -> 2.7218148e+08 | G15: =IF(G2>Measles!B7,Measles!B7,IF(Scenario_data!G2 <Measles!A7,Measles!A7,Scenario_data!G2)) -> 7.1402937e+08 | H15: =IF(H2>Measles!B8,Measles!B8,IF(Scenario_data!H2 <Measles!A8,Measles!A8,Scenario_data!H2)) -> 6.4202085e+08 | I15: =IF(I2>Measles!B9,Measles!B9,IF(Scenario_data!I2 <Measles!A9,Measles!A9,Scenario_data!I2)) -> 4.8175378e+08 | J15: =IF(J2>Measles!B10,Measles!B10,IF(Scenario_data!J2 <Measles!A10,Measles!A10,Scenario_data!J2)) -> 6.3142805e+08 | K15: =IF(K2>Measles!B11,Measles!B11,IF(Scenario_data!K2 <Measles!A11,Measles!A11,Scenario_data!K2)) -> 7.6253588e+08
A16: Mumps | B16: =IF(B3>Mumps!B2,Mumps!B2,IF(Scenario_data!B3 <Mumps!A2,Mumps!A2,Scenario_data!B3)) -> 17762479 | C16: =IF(C3>Mumps!B3,Mumps!B3,IF(Scenario_data!C3 <Mumps!A3,Mumps!A3,Scenario_data!C3)) -> 38970982 | D16: =IF(D3>Mumps!B4,Mumps!B4,IF(Scenario_data!D3 <Mumps!A4,Mumps!A4,Scenario_data!D3)) -> 14828239 | E16: =IF(E3>Mumps!B5,Mumps!B5,IF(Scenario_data!E3 <Mumps!A5,Mumps!A5,Scenario_data!E3)) -> 32279941 | F16: =IF(F3>Mumps!B6,Mumps!B6,IF(Scenario_data!F3 <Mumps!A6,Mumps!A6,Scenario_data!F3)) -> 25335862 | G16: =IF(G3>Mumps!B7,Mumps!B7,IF(Scenario_data!G3 <Mumps!A7,Mumps!A7,Scenario_data!G3)) -> 39900025 | H16: =IF(H3>Mumps!B8,Mumps!B8,IF(Scenario_data!H3 <Mumps!A8,Mumps!A8,Scenario_data!H3)) -> 38529521 | I16: =IF(I3>Mumps!B9,Mumps!B9,IF(Scenario_data!I3 <Mumps!A9,Mumps!A9,Scenario_data!I3)) -> 33072563 | J16: =IF(J3>Mumps!B10,Mumps!B10,IF(Scenario_data!J3 <Mumps!A10,Mumps!A10,Scenario_data!J3)) -> 39602980 | K16: =IF(K3>Mumps!B11,Mumps!B11,IF(Scenario_data!K3 <Mumps!A11,Mumps!A11,Scenario_data!K3)) -> 33305107
A17: Rubella | B17: =IF(B4>Rubella!B2,Rubella!B2,IF(Scenario_data!B4 <Rubella!A2,Rubella!A2,Scenario_data!B4)) -> 4.3835972e+08 | C17: =IF(C4>Rubella!B3,Rubella!B3,IF(Scenario_data!C4 <Rubella!A3,Rubella!A3,Scenario_data!C4)) -> 2.1429243e+08 | D17: =IF(D4>Rubella!B4,Rubella!B4,IF(Scenario_data!D4 <Rubella!A4,Rubella!A4,Scenario_data!D4)) -> 3.3878406e+08 | E17: =IF(E4>Rubella!B5,Rubella!B5,IF(Scenario_data!E4 <Rubella!A5,Rubella!A5,Scenario_data!E4)) -> 6.4637495e+08 | F17: =IF(F4>Rubella!B6,Rubella!B6,IF(Scenario_data!F4 <Rubella!A6,Rubella!A6,Scenario_data!F4)) -> 4.3744977e+08 | G17: =IF(G4>Rubella!B7,Rubella!B7,IF(Scenario_data!G4 <Rubella!A7,Rubella!A7,Scenario_data!G4)) -> 4.9734106e+08 | H17: =IF(H4>Rubella!B8,Rubella!B8,IF(Scenario_data!H4 <Rubella!A8,Rubella!A8,Scenario_data!H4)) -> 4.5632026e+08 | I17: =IF(I4>Rubella!B9,Rubella!B9,IF(Scenario_data!I4 <Rubella!A9,Rubella!A9,Scenario_data!I4)) -> 6.5602133e+08 | J17: =IF(J4>Rubella!B10,Rubella!B10,IF(Scenario_data!J4 <Rubella!A10,Rubella!A10,Scenario_data!J4)) -> 7.5865779e+08 | K17: =IF(K4>Rubella!B12=1,Rubella!B11,IF(Scenario_data!K4 <Rubella!A11,Rubella!A11,Scenario_data!K4)) -> 7.5700661e+08
A18: Diphtheria | B18: =IF(B5>Diphtheria!B2,Diphtheria!B2,IF(Scenario_data!B5 <Diphtheria!A2,Diphtheria!A2,Scenario_data!B5)) -> 4.9051425e+08 | C18: =IF(C5>Diphtheria!B3,Diphtheria!B3,IF(Scenario_data!C5 <Diphtheria!A3,Diphtheria!A3,Scenario_data!C5)) -> 3.6059675e+08 | D18: =IF(D5>Diphtheria!B4,Diphtheria!B4,IF(Scenario_data!D5 <Diphtheria!A4,Diphtheria!A4,Scenario_data!D5)) -> 8.3672752e+08 | E18: =IF(E5>Diphtheria!B5,Diphtheria!B5,IF(Scenario_data!E5 <Diphtheria!A5,Diphtheria!A5,Scenario_data!E5)) -> 6.1308809e+08 | F18: =IF(F5>Diphtheria!B6,Diphtheria!B6,IF(Scenario_data!F5 <Diphtheria!A6,Diphtheria!A6,Scenario_data!F5)) -> 5.7372044e+08 | G18: =IF(G5>Diphtheria!B7,Diphtheria!B7,IF(Scenario_data!G5 <Diphtheria!A7,Diphtheria!A7,Scenario_data!G5)) -> 8.6240302e+08 | H18: =IF(H5>Diphtheria!B8,Diphtheria!B8,IF(Scenario_data!H5 <Diphtheria!A8,Diphtheria!A8,Scenario_data!H5)) -> 7.4586191e+08 | I18: =IF(I5>Diphtheria!B9,Diphtheria!B9,IF(Scenario_data!I5 <Diphtheria!A9,Diphtheria!A9,Scenario_data!I5)) -> 7.7935606e+08 | J18: =IF(J5>Diphtheria!B10,Diphtheria!B10,IF(Scenario_data!J5 <Diphtheria!A10,Diphtheria!A10,Scenario_data!J5)) -> 7.6342753e+08 | K18: =IF(K5>Diphtheria!B11,Diphtheria!B11,IF(Scenario_data!K5 <Diphtheria!A11,Diphtheria!A11,Scenario_data!K5)) -> 1.1386857e+09
A19: Tetanus | B19: =IF(B6>Tetanus!B2,Tetanus!B2,IF(Scenario_data!B6 <Tetanus!A2,Tetanus!A2,Scenario_data!B6)) -> 6.3779546e+08 | C19: =IF(C6>Tetanus!B3,Tetanus!B3,IF(Scenario_data!C6 <Tetanus!A3,Tetanus!A3,Scenario_data!C6)) -> 7.4416442e+08 | D19: =IF(D6>Tetanus!B4,Tetanus!B4,IF(Scenario_data!D6 <Tetanus!A4,Tetanus!A4,Scenario_data!D6)) -> 2.7636995e+08 | E19: =IF(E6>Tetanus!B5,Tetanus!B5,IF(Scenario_data!E6 <Tetanus!A5,Tetanus!A5,Scenario_data!E6)) -> 7.3069816e+08 | F19: =IF(F6>Tetanus!B6,Tetanus!B6,IF(Scenario_data!F6 <Tetanus!A6,Tetanus!A6,Scenario_data!F6)) -> 5.3559921e+08 | G19: =IF(G6>Tetanus!B7,Tetanus!B7,IF(Scenario_data!G6 <Tetanus!A7,Tetanus!A7,Scenario_data!G6)) -> 5.3004145e+08 | H19: =IF(H6>Tetanus!B8,Tetanus!B8,IF(Scenario_data!H6 <Tetanus!A8,Tetanus!A8,Scenario_data!H6)) -> 7.6548899e+08 | I19: =IF(I6>Tetanus!B9,Tetanus!B9,IF(Scenario_data!I6 <Tetanus!A9,Tetanus!A9,Scenario_data!I6)) -> 6.5763493e+08 | J19: =IF(J6>Tetanus!B10,Tetanus!B10,IF(Scenario_data!J6 <Tetanus!A10,Tetanus!A10,Scenario_data!J6)) -> 7.4969091e+08 | K19: =IF(K6>Tetanus!B11,Tetanus!B11,IF(Scenario_data!K6 <Tetanus!A11,Tetanus!A11,Scenario_data!K6)) -> 6.5171587e+08
A20: Pertussis | B20: =IF(B7>Pertussis!B2,Pertussis!B2,IF(Scenario_data!B7 <Pertussis!A2,Pertussis!A2,Scenario_data!B7)) -> 3.358612e+08 | C20: =IF(C7>Pertussis!B3,Pertussis!B3,IF(Scenario_data!C7 <Pertussis!A3,Pertussis!A3,Scenario_data!C7)) -> 3.3763847e+08 | D20: =IF(D7>Pertussis!B4,Pertussis!B4,IF(Scenario_data!D7 <Pertussis!A4,Pertussis!A4,Scenario_data!D7)) -> 2.718976e+08 | E20: =IF(E7>Pertussis!B5,Pertussis!B5,IF(Scenario_data!E7 <Pertussis!A5,Pertussis!A5,Scenario_data!E7)) -> 3.8777487e+08 | F20: =IF(F7>Pertussis!B6,Pertussis!B6,IF(Scenario_data!F7 <Pertussis!A6,Pertussis!A6,Scenario_data!F7)) -> 4.9008501e+08 | G20: =IF(G7>Pertussis!B7,Pertussis!B7,IF(Scenario_data!G7 <Pertussis!A7,Pertussis!A7,Scenario_data!G7)) -> 4.5097181e+08 | H20: =IF(H7>Pertussis!B8,Pertussis!B8,IF(Scenario_data!H7 <Pertussis!A8,Pertussis!A8,Scenario_data!H7)) -> 4.2902268e+08 | I20: =IF(I7>Pertussis!B9,Pertussis!B9,IF(Scenario_data!I7 <Pertussis!A9,Pertussis!A9,Scenario_data!I7)) -> 2.8557722e+08 | J20: =IF(J7>Pertussis!B10,Pertussis!B10,IF(Scenario_data!J7 <Pertussis!A10,Pertussis!A10,Scenario_data!J7)) -> 3.7690328e+08 | K20: =IF(K7>Pertussis!B11,Pertussis!B11,IF(Scenario_data!K7 <Pertussis!A11,Pertussis!A11,Scenario_data!K7)) -> 2.8722729e+08
A21: Hepatitis_B | B21: =IF(B8>Hepatitis_B!B2,Hepatitis_B!B2,IF(Scenario_data!B8 <Hepatitis_B!A2,Hepatitis_B!A2,Scenario_data!B8)) -> 3.4317642e+08 | C21: =IF(C8>Hepatitis_B!B3,Hepatitis_B!B3,IF(Scenario_data!C8 <Hepatitis_B!A3,Hepatitis_B!A3,Scenario_data!C8)) -> 3.1197423e+08 | D21: =IF(D8>Hepatitis_B!B4,Hepatitis_B!B4,IF(Scenario_data!D8 <Hepatitis_B!A4,Hepatitis_B!A4,Scenario_data!D8)) -> 3.0490548e+08 | E21: =IF(E8>Hepatitis_B!B5,Hepatitis_B!B5,IF(Scenario_data!E8 <Hepatitis_B!A5,Hepatitis_B!A5,Scenario_data!E8)) -> 4.3479929e+08 | F21: =IF(F8>Hepatitis_B!B6,Hepatitis_B!B6,IF(Scenario_data!F8 <Hepatitis_B!A6,Hepatitis_B!A6,Scenario_data!F8)) -> 5.3478785e+08 | G21: =IF(G8>Hepatitis_B!B7,Hepatitis_B!B7,IF(Scenario_data!G8 <Hepatitis_B!A7,Hepatitis_B!A7,Scenario_data!G8)) -> 3.5704865e+08 | H21: =IF(H8>Hepatitis_B!B8,Hepatitis_B!B8,IF(Scenario_data!H8 <Hepatitis_B!A8,Hepatitis_B!A8,Scenario_data!H8)) -> 4.4691246e+08 | I21: =IF(I8>Hepatitis_B!B9,Hepatitis_B!B9,IF(Scenario_data!I8 <Hepatitis_B!A9,Hepatitis_B!A9,Scenario_data!I8)) -> 2.3987217e+08 | J21: =IF(J8>Hepatitis_B!B10,Hepatitis_B!B10,IF(Scenario_data!J8 <Hepatitis_B!A10,Hepatitis_B!A10,Scenario_data!J8)) -> 4.1269307e+08 | K21: =IF(K8>Hepatitis_B!B11,Hepatitis_B!B11,IF(Scenario_data!K8 <Hepatitis_B!A11,Hepatitis_B!A11,Scenario_data!K8)) -> 4.7116265e+08
A22: Hib | B22: =IF(B9>Hib!B2,Hib!B2,IF(Scenario_data!B9 <Hib!A2,Hib!A2,Scenario_data!B9)) -> 1.5463213e+08 | C22: =IF(C9>Hib!B3,Hib!B3,IF(Scenario_data!C9 <Hib!A3,Hib!A3,Scenario_data!C9)) -> 3.994149e+08 | D22: =IF(D9>Hib!B4,Hib!B4,IF(Scenario_data!D9 <Hib!A4,Hib!A4,Scenario_data!D9)) -> 4.7340218e+08 | E22: =IF(E9>Hib!B5,Hib!B5,IF(Scenario_data!E9 <Hib!A5,Hib!A5,Scenario_data!E9)) -> 3.8303295e+08 | F22: =IF(F9>Hib!B6,Hib!B6,IF(Scenario_data!F9 <Hib!A6,Hib!A6,Scenario_data!F9)) -> 3.3182392e+08 | G22: =IF(G9>Hib!B7,Hib!B7,IF(Scenario_data!G9 <Hib!A7,Hib!A7,Scenario_data!G9)) -> 2.8003984e+08 | H22: =IF(H9>Hib!B8,Hib!B8,IF(Scenario_data!H9 <Hib!A8,Hib!A8,Scenario_data!H9)) -> 3.0708964e+08 | I22: =IF(I9>Hib!B9,Hib!B9,IF(Scenario_data!I9 <Hib!A9,Hib!A9,Scenario_data!I9)) -> 1.6124274e+08 | J22: =IF(J9>Hib!B10,Hib!B10,IF(Scenario_data!J9 <Hib!A10,Hib!A10,Scenario_data!J9)) -> 3.9632743e+08 | K22: =IF(K9>Hib!B11,Hib!B11,IF(Scenario_data!K9 <Hib!A11,Hib!A11,Scenario_data!K9)) -> 4.1048265e+08
A23: Polio | B23: =IF(B10>Polio!B2,Polio!B2,IF(Scenario_data!B10 <Polio!A2,Polio!A2,Scenario_data!B10)) -> 5.2731622e+08 | C23: =IF(C10>Polio!B3,Polio!B3,IF(Scenario_data!C10 <Polio!A3,Polio!A3,Scenario_data!C10)) -> 7.9753819e+08 | D23: =IF(D10>Polio!B4,Polio!B4,IF(Scenario_data!D10 <Polio!A4,Polio!A4,Scenario_data!D10)) -> 6.7870145e+08 | E23: =IF(E10>Polio!B5,Polio!B5,IF(Scenario_data!E10 <Polio!A5,Polio!A5,Scenario_data!E10)) -> 6.7888921e+08 | F23: =IF(F10>Polio!B6,Polio!B6,IF(Scenario_data!F10 <Polio!A6,Polio!A6,Scenario_data!F10)) -> 7.7678166e+08 | G23: =IF(G10>Polio!B7,Polio!B7,IF(Scenario_data!G10 <Polio!A7,Polio!A7,Scenario_data!G10)) -> 5.294584e+08 | H23: =IF(H10>Polio!B8,Polio!B8,IF(Scenario_data!H10 <Polio!A8,Polio!A8,Scenario_data!H10)) -> 7.1563651e+08 | I23: =IF(I10>Polio!B9,Polio!B9,IF(Scenario_data!I10 <Polio!A9,Polio!A9,Scenario_data!I10)) -> 7.1431932e+08 | J23: =IF(J10>Polio!B10,Polio!B10,IF(Scenario_data!J10 <Polio!A10,Polio!A10,Scenario_data!J10)) -> 5.8506688e+08 | K23: =IF(K10>Polio!B11,Polio!B11,IF(Scenario_data!K10 <Polio!A11,Polio!A11,Scenario_data!K10)) -> 9.4766194e+08
A24: HPV | B24: =IF(B11>HPV!B2,HPV!B2,IF(Scenario_data!B11 <HPV!A2,HPV!A2,Scenario_data!B11)) -> 36590184 | C24: =IF(C11>HPV!B3,HPV!B3,IF(Scenario_data!C11 <HPV!A3,HPV!A3,Scenario_data!C11)) -> 32710889 | D24: =IF(D11>HPV!B4,HPV!B4,IF(Scenario_data!D11 <HPV!A4,HPV!A4,Scenario_data!D11)) -> 28844685 | E24: =IF(E11>HPV!B5,HPV!B5,IF(Scenario_data!E11 <HPV!A5,HPV!A5,Scenario_data!E11)) -> 41734017 | F24: =IF(F11>HPV!B6,HPV!B6,IF(Scenario_data!F11 <HPV!A6,HPV!A6,Scenario_data!F11)) -> 38996494 | G24: =IF(G11>HPV!B7,HPV!B7,IF(Scenario_data!G11 <HPV!A7,HPV!A7,Scenario_data!G11)) -> 55360457 | H24: =IF(H11>HPV!B8,HPV!B8,IF(Scenario_data!H11 <HPV!A8,HPV!A8,Scenario_data!H11)) -> 65851126 | I24: =IF(I11>HPV!B9,HPV!B9,IF(Scenario_data!I11 <HPV!A9,HPV!A9,Scenario_data!I11)) -> 40439670 | J24: =IF(J11>HPV!B10,HPV!B10,IF(Scenario_data!J11 <HPV!A10,HPV!A10,Scenario_data!J11)) -> 59408523 | K24: =IF(K11>HPV!B11,HPV!B11,IF(Scenario_data!K11 <HPV!A11,HPV!A11,Scenario_data!K11)) -> 55867394
A25: Rotavirus | B25: =IF(B12>Rotavirus!B2,Rotavirus!B2,IF(Scenario_data!B12 <Rotavirus!A2,Rotavirus!A2,Scenario_data!B12)) -> 1.5251614e+08 | C25: =IF(C12>Rotavirus!B3,Rotavirus!B3,IF(Scenario_data!C12 <Rotavirus!A3,Rotavirus!A3,Scenario_data!C12)) -> 1.2670465e+08 | D25: =IF(D12>Rotavirus!B4,Rotavirus!B4,IF(Scenario_data!D12 <Rotavirus!A4,Rotavirus!A4,Scenario_data!D12)) -> 2.3869009e+08 | E25: =IF(E12>Rotavirus!B5,Rotavirus!B5,IF(Scenario_data!E12 <Rotavirus!A5,Rotavirus!A5,Scenario_data!E12)) -> 3.6077208e+08 | F25: =IF(F12>Rotavirus!B6,Rotavirus!B6,IF(Scenario_data!F12 <Rotavirus!A6,Rotavirus!A6,Scenario_data!F12)) -> 2.3207238e+08 | G25: =IF(G12>Rotavirus!B7,Rotavirus!B7,IF(Scenario_data!G12 <Rotavirus!A7,Rotavirus!A7,Scenario_data!G12)) -> 2.7899149e+08 | H25: =IF(H12>Rotavirus!B8,Rotavirus!B8,IF(Scenario_data!H12 <Rotavirus!A8,Rotavirus!A8,Scenario_data!H12)) -> 1.9494018e+08 | I25: =IF(I12>Rotavirus!B9,Rotavirus!B9,IF(Scenario_data!I12 <Rotavirus!A9,Rotavirus!A9,Scenario_data!I12)) -> 2.7580873e+08 | J25: =IF(J12>Rotavirus!B10,Rotavirus!B10,IF(Scenario_data!J12 <Rotavirus!A10,Rotavirus!A10,Scenario_data!J12)) -> 3.8521444e+08 | K25: =IF(K12>Rotavirus!B11,Rotavirus!B11,IF(Scenario_data!K12 <Rotavirus!A11,Rotavirus!A11,Scenario_data!K12)) -> 3.7827752e+08
A26: PCV | B26: =IF(B13>PCV!B2,PCV!B2,IF(Scenario_data!B13 <PCV!A2,PCV!A2,Scenario_data!B13)) -> 2.0060284e+08 | C26: =IF(C13>PCV!B3,PCV!B3,IF(Scenario_data!C13 <PCV!A3,PCV!A3,Scenario_data!C13)) -> 1.8767842e+08 | D26: =IF(D13>PCV!B4,PCV!B4,IF(Scenario_data!D13 <PCV!A4,PCV!A4,Scenario_data!D13)) -> 3.7375257e+08 | E26: =IF(E13>PCV!B5,PCV!B5,IF(Scenario_data!E13 <PCV!A5,PCV!A5,Scenario_data!E13)) -> 4.0506948e+08 | F26: =IF(F13>PCV!B6,PCV!B6,IF(Scenario_data!F13 <PCV!A6,PCV!A6,Scenario_data!F13)) -> 3.5851102e+08 | G26: =IF(G13>PCV!B7,PCV!B7,IF(Scenario_data!G13 <PCV!A7,PCV!A7,Scenario_data!G13)) -> 3.674306e+08 | H26: =IF(H13>PCV!B8,PCV!B8,IF(Scenario_data!H13 <PCV!A8,PCV!A8,Scenario_data!H13)) -> 3.2646171e+08 | I26: =IF(I13>PCV!B9,PCV!B9,IF(Scenario_data!I13 <PCV!A9,PCV!A9,Scenario_data!I13)) -> 2.8111192e+08 | J26: =IF(J13>PCV!B10,PCV!B10,IF(Scenario_data!J13 <PCV!A10,PCV!A10,Scenario_data!J13)) -> 3.9871237e+08 | K26: =IF(K13>PCV!B11,PCV!B11,IF(Scenario_data!K13 <PCV!A11,PCV!A11,Scenario_data!K13)) -> 3.4782625e+08
